Pool-1	FwdA	Rev01	T1B1_t2
Pool-1	FwdA	Rev02	T1BT3_t2
Pool-1	FwdA	Rev03	T1BS5_t2
Pool-1	FwdA	Rev04	T1A1_t2
Pool-1	FwdA	Rev05	T2B3_t2
Pool-1	FwdA	Rev06	T2BT5_t2
Pool-1	FwdB	Rev01	T1B2_t2
Pool-1	FwdB	Rev02	T1BT4_t2
Pool-1	FwdB	Rev03	T1BS6_t2
Pool-1	FwdB	Rev04	T1A2_t2
Pool-1	FwdB	Rev05	T2B4_t2
Pool-1	FwdB	Rev06	T2BT6_t2
Pool-1	FwdC	Rev01	T1B3_t2
Pool-1	FwdC	Rev02	T1BT5_t2
Pool-1	FwdC	Rev03	T1BTS1_t2
Pool-1	FwdC	Rev04	T1A3_t2
Pool-1	FwdC	Rev05	T2B5_t2
Pool-1	FwdC	Rev06	T2BS1_t2
Pool-1	FwdD	Rev01	T1B4_t2
Pool-1	FwdD	Rev02	T1BT6_t2
Pool-1	FwdD	Rev03	T1BTS2_t2
Pool-1	FwdD	Rev04	T1A4_t2
Pool-1	FwdD	Rev05	T2B6_t2
Pool-1	FwdD	Rev06	T2BS2_t2
Pool-1	FwdD	Rev10	5E1_4_qg
Pool-1	FwdE	Rev01	T1B5_t2
Pool-1	FwdE	Rev02	T1BS1_t2
Pool-1	FwdE	Rev03	CE3_6_bp
Pool-1	FwdE	Rev03	T1BTS3_t2
Pool-1	FwdE	Rev04	T1A5_t2
Pool-1	FwdE	Rev05	T2BT1_t2
Pool-1	FwdE	Rev06	T2BS3_t2
Pool-1	FwdE	Rev10	5E3_4_qg
Pool-1	FwdF	Rev01	T1B6_t2
Pool-1	FwdF	Rev02	T1BS2_t2
Pool-1	FwdF	Rev03	T1BTS4_t2
Pool-1	FwdF	Rev04	T1A6_t2
Pool-1	FwdF	Rev05	T2BT2_t2
Pool-1	FwdF	Rev06	T2BS4_t2
Pool-1	FwdF	Rev10	50E3_5_qg
Pool-1	FwdG	Rev01	T1BT1_t2
Pool-1	FwdG	Rev02	T1BS3_t2
Pool-1	FwdG	Rev03	T1BTS5_t2
Pool-1	FwdG	Rev04	T2B1_t2
Pool-1	FwdG	Rev05	T2BT3_t2
Pool-1	FwdG	Rev06	T2BS5_t2
Pool-1	FwdH	Rev01	T1BT2_t2
Pool-1	FwdH	Rev02	T1BS4_t2
Pool-1	FwdH	Rev03	T1BTS6_t2
Pool-1	FwdH	Rev04	T2B2_t2
Pool-1	FwdH	Rev05	T2BT4_t2
Pool-1	FwdH	Rev06	T2BS6_t2
Pool-2	FwdA	Rev01	5E3_3_bp
Pool-2	FwdA	Rev07	T2BTS1_t2
Pool-2	FwdA	Rev08	T2A3_t2
Pool-2	FwdA	Rev09	T3B5_t2
Pool-2	FwdA	Rev10	T3BS1_t2
Pool-2	FwdA	Rev11	T3BTS3_t2
Pool-2	FwdA	Rev12	T3A5_t2
Pool-2	FwdB	Rev01	50E1_4_bp
Pool-2	FwdB	Rev07	T2BTS2_t2
Pool-2	FwdB	Rev08	T2A4_t2
Pool-2	FwdB	Rev09	T3B6_t2
Pool-2	FwdB	Rev10	T3BS2_t2
Pool-2	FwdB	Rev11	T3BTS4_t2
Pool-2	FwdB	Rev12	T3A6_t2
Pool-2	FwdC	Rev01	500E1_6_bp
Pool-2	FwdC	Rev07	T2BTS3_t2
Pool-2	FwdC	Rev08	T2A5_t2
Pool-2	FwdC	Rev09	T3BT1_t2
Pool-2	FwdC	Rev10	T3BS3_t2
Pool-2	FwdC	Rev11	T3BTS5_t2
Pool-2	FwdC	Rev12	T4B1_t2
Pool-2	FwdD	Rev07	T2BTS4_t2
Pool-2	FwdD	Rev08	T2A6_t2
Pool-2	FwdD	Rev09	T3BT2_t2
Pool-2	FwdD	Rev10	T3BS4_t2
Pool-2	FwdD	Rev11	T3BTS6_t2
Pool-2	FwdD	Rev12	T4B2_t2
Pool-2	FwdE	Rev07	T2BTS5_t2
Pool-2	FwdE	Rev08	T3B1_t2
Pool-2	FwdE	Rev09	T3BT3_t2
Pool-2	FwdE	Rev10	T3BS5_t2
Pool-2	FwdE	Rev11	T3A1_t2
Pool-2	FwdE	Rev12	T4B3_t2
Pool-2	FwdF	Rev07	T2BTS6_t2
Pool-2	FwdF	Rev08	T3B2_t2
Pool-2	FwdF	Rev09	T3BT4_t2
Pool-2	FwdF	Rev10	T3BS6_t2
Pool-2	FwdF	Rev11	T3A2_t2
Pool-2	FwdF	Rev12	T4B4_t2
Pool-2	FwdG	Rev07	T2A1_t2
Pool-2	FwdG	Rev08	T3B3_t2
Pool-2	FwdG	Rev09	T3BT5_t2
Pool-2	FwdG	Rev10	T3BTS1_t2
Pool-2	FwdG	Rev11	T3A3_t2
Pool-2	FwdG	Rev12	T4B5_t2
Pool-2	FwdH	Rev07	T2A2_t2
Pool-2	FwdH	Rev08	T3B4_t2
Pool-2	FwdH	Rev09	T3BT6_t2
Pool-2	FwdH	Rev10	T3BTS2_t2
Pool-2	FwdH	Rev11	T3A4_t2
Pool-2	FwdH	Rev12	pos_ctrl_A
Pool-3	FwdA	Rev01	T4BT1_t2
Pool-3	FwdA	Rev02	T4BS3_t2
Pool-3	FwdA	Rev03	T4BTS5_t2
Pool-3	FwdA	Rev04	T3BT4_t1
Pool-3	FwdA	Rev05	T3B2_t1
Pool-3	FwdA	Rev06	T3BS2_t1
Pool-3	FwdB	Rev01	T4BT2_t2
Pool-3	FwdB	Rev02	T4BS4_t2
Pool-3	FwdB	Rev03	T4BTS6_t2
Pool-3	FwdB	Rev04	T3BT3_t1
Pool-3	FwdB	Rev05	T3B1_t1
Pool-3	FwdB	Rev06	T3BS1_t1
Pool-3	FwdC	Rev01	T4BT3_t2
Pool-3	FwdC	Rev02	T4BS5_t2
Pool-3	FwdC	Rev03	T4A1_t2
Pool-3	FwdC	Rev04	T3BT2_t1
Pool-3	FwdC	Rev05	T3BTS2_t1
Pool-3	FwdC	Rev06	T3BT6_t1
Pool-3	FwdD	Rev01	T4BT4_t2
Pool-3	FwdD	Rev02	T4BS6_t2
Pool-3	FwdD	Rev03	T4A2_t2
Pool-3	FwdD	Rev04	T3BT1_t1
Pool-3	FwdD	Rev05	T3BTS1_t1
Pool-3	FwdD	Rev06	T3BT5_t1
Pool-3	FwdD	Rev11	5E3_2_qg
Pool-3	FwdE	Rev01	T4BT5_t2
Pool-3	FwdE	Rev02	T4BTS1_t2
Pool-3	FwdE	Rev03	T4A3_t2
Pool-3	FwdE	Rev04	T3B6_t1
Pool-3	FwdE	Rev05	T3BS6_t1
Pool-3	FwdE	Rev06	T3A6_t1
Pool-3	FwdE	Rev11	50E1_3_qg
Pool-3	FwdF	Rev01	T4BT6_t2
Pool-3	FwdF	Rev02	T4BTS2_t2
Pool-3	FwdF	Rev03	T4A4_t2
Pool-3	FwdF	Rev04	T3B5_t1
Pool-3	FwdF	Rev05	T3BS5_t1
Pool-3	FwdF	Rev06	T3A5_t1
Pool-3	FwdG	Rev01	T4BS1_t2
Pool-3	FwdG	Rev02	T4BTS3_t2
Pool-3	FwdG	Rev03	T4A5_t2
Pool-3	FwdG	Rev04	T3B4_t1
Pool-3	FwdG	Rev05	T3BS4_t1
Pool-3	FwdG	Rev06	T3A4_t1
Pool-3	FwdG	Rev10	500E1_5_qg
Pool-3	FwdH	Rev01	T4BS2_t2
Pool-3	FwdH	Rev02	T4BTS4_t2
Pool-3	FwdH	Rev03	T4A6_t2
Pool-3	FwdH	Rev04	T3B3_t1
Pool-3	FwdH	Rev05	T3BS3_t1
Pool-3	FwdH	Rev06	T3A3_t1
Pool-3	FwdH	Rev10	CE3_6_qg
Pool-4	FwdA	Rev02	5E3_2_bp
Pool-4	FwdA	Rev07	T3A2_t1
Pool-4	FwdA	Rev08	T4BT2_t1
Pool-4	FwdA	Rev09	T4BTS2_t1
Pool-4	FwdA	Rev10	T4BT6_t1
Pool-4	FwdA	Rev11	T4BTS6_t1
Pool-4	FwdA	Rev12	T1B6_t1
Pool-4	FwdB	Rev02	50E1_3_bp
Pool-4	FwdB	Rev07	T3A1_t1
Pool-4	FwdB	Rev08	T4BT1_t1
Pool-4	FwdB	Rev09	T4BTS1_t1
Pool-4	FwdB	Rev10	T4BT5_t1
Pool-4	FwdB	Rev11	T4BTS5_t1
Pool-4	FwdB	Rev12	T1B5_t1
Pool-4	FwdC	Rev07	T3BTS6_t1
Pool-4	FwdC	Rev08	T4B6_t1
Pool-4	FwdC	Rev09	T4BS6_t1
Pool-4	FwdC	Rev10	T4A6_t1
Pool-4	FwdC	Rev11	T4BTS4_t1
Pool-4	FwdC	Rev12	T1B4_t1
Pool-4	FwdD	Rev01	500E2_6_bp
Pool-4	FwdD	Rev07	T3BTS5_t1
Pool-4	FwdD	Rev08	T4B5_t1
Pool-4	FwdD	Rev09	T4BS5_t1
Pool-4	FwdD	Rev10	T4A5_t1
Pool-4	FwdD	Rev11	T4BTS3_t1
Pool-4	FwdD	Rev12	T1B3_t1
Pool-4	FwdE	Rev01	500E3_7_bp
Pool-4	FwdE	Rev07	T3BTS4_t1
Pool-4	FwdE	Rev08	T4B4_t1
Pool-4	FwdE	Rev09	T4BS4_t1
Pool-4	FwdE	Rev10	T4A4_t1
Pool-4	FwdE	Rev11	T1BT4_t1
Pool-4	FwdE	Rev12	T1B2_t1
Pool-4	FwdF	Rev07	T3BTS3_t1
Pool-4	FwdF	Rev08	T4B3_t1
Pool-4	FwdF	Rev09	T4BS3_t1
Pool-4	FwdF	Rev10	T4A3_t1
Pool-4	FwdF	Rev11	T1BT3_t1
Pool-4	FwdF	Rev12	T1B1_t1
Pool-4	FwdG	Rev07	T4BT4_t1
Pool-4	FwdG	Rev08	T4B2_t1
Pool-4	FwdG	Rev09	T4BS2_t1
Pool-4	FwdG	Rev10	T4A2_t1
Pool-4	FwdG	Rev11	T1BT2_t1
Pool-4	FwdG	Rev12	T1BTS2_t1
Pool-4	FwdH	Rev07	T4BT3_t1
Pool-4	FwdH	Rev08	T4B1_t1
Pool-4	FwdH	Rev09	T4BS1_t1
Pool-4	FwdH	Rev10	T4A1_t1
Pool-4	FwdH	Rev11	T1BT1_t1
Pool-4	FwdH	Rev12	T1BTS1_t1
Pool-5	FwdA	Rev01	T1BS6_t1
Pool-5	FwdA	Rev02	T1A5_t1
Pool-5	FwdA	Rev03	T1BTS3_t1
Pool-5	FwdA	Rev04	T2B3_t1
Pool-5	FwdA	Rev05	T2BS2_t1
Pool-5	FwdA	Rev06	T2A2_t1
Pool-5	FwdB	Rev01	T1BS5_t1
Pool-5	FwdB	Rev02	T1A4_t1
Pool-5	FwdB	Rev03	T2BT4_t1
Pool-5	FwdB	Rev04	T2B2_t1
Pool-5	FwdB	Rev05	T2BS1_t1
Pool-5	FwdB	Rev06	T2A1_t1
Pool-5	FwdC	Rev01	T1BS4_t1
Pool-5	FwdC	Rev02	T1A3_t1
Pool-5	FwdC	Rev03	T2BT3_t1
Pool-5	FwdC	Rev04	T2B1_t1
Pool-5	FwdC	Rev05	T2BT6_t1
Pool-5	FwdC	Rev06	T2BTS6_t1
Pool-5	FwdD	Rev01	T1BS3_t1
Pool-5	FwdD	Rev02	T1A2_t1
Pool-5	FwdD	Rev03	T2BT2_t1
Pool-5	FwdD	Rev04	T2BTS1_t1
Pool-5	FwdD	Rev05	T2BT5_t1
Pool-5	FwdD	Rev06	T2BTS5_t1
Pool-5	FwdD	Rev12	5E3_3_qg
Pool-5	FwdE	Rev01	T1BS2_t1
Pool-5	FwdE	Rev02	T1A1_t1
Pool-5	FwdE	Rev03	T2BT1_t1
Pool-5	FwdE	Rev04	T2BS6_t1
Pool-5	FwdE	Rev05	T2A6_t1
Pool-5	FwdE	Rev06	T2BTS4_t1
Pool-5	FwdF	Rev01	T1BS1_t1
Pool-5	FwdF	Rev02	T1BTS6_t1
Pool-5	FwdF	Rev03	T2B6_t1
Pool-5	FwdF	Rev04	T2BS5_t1
Pool-5	FwdF	Rev05	T2A5_t1
Pool-5	FwdF	Rev06	T2BTS3_t1
Pool-5	FwdF	Rev11	50E3_4_qg
Pool-5	FwdG	Rev01	T1BT6_t1
Pool-5	FwdG	Rev02	T1BTS5_t1
Pool-5	FwdG	Rev03	T2B5_t1
Pool-5	FwdG	Rev04	T2BS4_t1
Pool-5	FwdG	Rev05	T2A4_t1
Pool-5	FwdG	Rev06	T3B2_t3
Pool-5	FwdG	Rev11	500E1_4_qg
Pool-5	FwdH	Rev01	T1A6_t1
Pool-5	FwdH	Rev02	T1BTS4_t1
Pool-5	FwdH	Rev03	T2B4_t1
Pool-5	FwdH	Rev04	T2BS3_t1
Pool-5	FwdH	Rev05	T2A3_t1
Pool-5	FwdH	Rev06	T3B3_t3
Pool-5	FwdH	Rev11	CE2_6_qg
Pool-6	FwdA	Rev03	5E1_4_bp
Pool-6	FwdA	Rev07	T3B4_t3
Pool-6	FwdA	Rev08	T3BT6_t3
Pool-6	FwdA	Rev09	T3BTS2_t3
Pool-6	FwdA	Rev10	T3A4_t3
Pool-6	FwdA	Rev11	T4B6_t3
Pool-6	FwdA	Rev12	T4BS2_t3
Pool-6	FwdB	Rev07	T3B5_t3
Pool-6	FwdB	Rev08	T3BS1_t3
Pool-6	FwdB	Rev09	T3BTS3_t3
Pool-6	FwdB	Rev10	T3A5_t3
Pool-6	FwdB	Rev11	T4BT1_t3
Pool-6	FwdB	Rev12	T4BS3_t3
Pool-6	FwdC	Rev02	50E3_4_bp
Pool-6	FwdC	Rev07	T3B6_t3
Pool-6	FwdC	Rev08	T3BS2_t3
Pool-6	FwdC	Rev09	T3BTS4_t3
Pool-6	FwdC	Rev10	T3A6_t3
Pool-6	FwdC	Rev11	T4BT2_t3
Pool-6	FwdC	Rev12	T4BS4_t3
Pool-6	FwdD	Rev02	500E1_4_bp
Pool-6	FwdD	Rev07	T3BT1_t3
Pool-6	FwdD	Rev08	T3BS3_t3
Pool-6	FwdD	Rev09	T3BTS5_t3
Pool-6	FwdD	Rev10	T4B1_t3
Pool-6	FwdD	Rev11	T4BT3_t3
Pool-6	FwdD	Rev12	T4BS5_t3
Pool-6	FwdE	Rev02	CE2_6_bp
Pool-6	FwdE	Rev07	T3BT2_t3
Pool-6	FwdE	Rev08	T3BS4_t3
Pool-6	FwdE	Rev09	T3BTS6_t3
Pool-6	FwdE	Rev10	T4B2_t3
Pool-6	FwdE	Rev11	T4BT4_t3
Pool-6	FwdE	Rev12	T4BS6_t3
Pool-6	FwdF	Rev07	T3BT3_t3
Pool-6	FwdF	Rev08	T3BS5_t3
Pool-6	FwdF	Rev09	T3A1_t3
Pool-6	FwdF	Rev10	T4B3_t3
Pool-6	FwdF	Rev11	T4BT5_t3
Pool-6	FwdF	Rev12	T4BTS1_t3
Pool-6	FwdG	Rev07	T3BT4_t3
Pool-6	FwdG	Rev08	T3BS6_t3
Pool-6	FwdG	Rev09	T3A2_t3
Pool-6	FwdG	Rev10	T4B4_t3
Pool-6	FwdG	Rev11	T4BT6_t3
Pool-6	FwdG	Rev12	T4BTS2_t3
Pool-6	FwdH	Rev07	T3BT5_t3
Pool-6	FwdH	Rev08	T3BTS1_t3
Pool-6	FwdH	Rev09	T3A3_t3
Pool-6	FwdH	Rev10	T4B5_t3
Pool-6	FwdH	Rev11	T4BS1_t3
Pool-6	FwdH	Rev12	T4BTS3_t3
Pool-7	FwdA	Rev01	T4BTS4_t3
Pool-7	FwdA	Rev02	T4A6_t3
Pool-7	FwdA	Rev03	T1BT2_t3
Pool-7	FwdA	Rev04	T1BS4_t3
Pool-7	FwdA	Rev05	T1BTS6_t3
Pool-7	FwdA	Rev06	T2B2_t3
Pool-7	FwdB	Rev01	T4BTS5_t3
Pool-7	FwdB	Rev02	T1B1_t3
Pool-7	FwdB	Rev03	T1BT3_t3
Pool-7	FwdB	Rev04	T1BS5_t3
Pool-7	FwdB	Rev05	T1A1_t3
Pool-7	FwdB	Rev06	T2B3_t3
Pool-7	FwdC	Rev01	T4BTS6_t3
Pool-7	FwdC	Rev02	T1B2_t3
Pool-7	FwdC	Rev03	T1BT4_t3
Pool-7	FwdC	Rev04	T1BS6_t3
Pool-7	FwdC	Rev05	T1A2_t3
Pool-7	FwdC	Rev06	T2B4_t3
Pool-7	FwdD	Rev01	T4A1_t3
Pool-7	FwdD	Rev02	T1B3_t3
Pool-7	FwdD	Rev03	T1BT5_t3
Pool-7	FwdD	Rev04	T1BTS1_t3
Pool-7	FwdD	Rev05	T1A3_t3
Pool-7	FwdD	Rev06	T2B5_t3
Pool-7	FwdE	Rev01	T4A2_t3
Pool-7	FwdE	Rev02	T1B4_t3
Pool-7	FwdE	Rev03	T1BT6_t3
Pool-7	FwdE	Rev04	T1BTS2_t3
Pool-7	FwdE	Rev05	T1A4_t3
Pool-7	FwdE	Rev06	T2B6_t3
Pool-7	FwdE	Rev12	50E1_4_qg
Pool-7	FwdF	Rev01	T4A3_t3
Pool-7	FwdF	Rev02	T1B5_t3
Pool-7	FwdF	Rev03	T1BS1_t3
Pool-7	FwdF	Rev04	T1BTS3_t3
Pool-7	FwdF	Rev05	T1A5_t3
Pool-7	FwdF	Rev06	T2BT1_t3
Pool-7	FwdF	Rev12	500E1_6_qg
Pool-7	FwdG	Rev01	T4A4_t3
Pool-7	FwdG	Rev02	T1B6_t3
Pool-7	FwdG	Rev03	T1BS2_t3
Pool-7	FwdG	Rev04	T1BTS4_t3
Pool-7	FwdG	Rev05	T1A6_t3
Pool-7	FwdG	Rev06	T2BT2_t3
Pool-7	FwdG	Rev12	500E2_6_qg
Pool-7	FwdH	Rev01	T4A5_t3
Pool-7	FwdH	Rev02	T1BT1_t3
Pool-7	FwdH	Rev03	T1BS3_t3
Pool-7	FwdH	Rev04	T1BTS5_t3
Pool-7	FwdH	Rev05	T2B1_t3
Pool-7	FwdH	Rev06	T2BT3_t3
Pool-7	FwdH	Rev12	500E3_7_qg
Pool-8	FwdA	Rev07	T2BT4_t3
Pool-8	FwdA	Rev08	T2BS6_t3
Pool-8	FwdA	Rev09	T2A3_t3
Pool-8	FwdA	Rev10	B2_t0
Pool-8	FwdA	Rev11	BS4_t0
Pool-8	FwdA	Rev12	BT6_t0
Pool-8	FwdB	Rev03	5E3_4_bp
Pool-8	FwdB	Rev07	T2BT5_t3
Pool-8	FwdB	Rev08	T2BTS2_t3
Pool-8	FwdB	Rev09	T2A4_t3
Pool-8	FwdB	Rev10	B3_t0
Pool-8	FwdB	Rev11	BS5_t0
Pool-8	FwdB	Rev12	BTS1_t0
Pool-8	FwdC	Rev03	50E3_5_bp
Pool-8	FwdC	Rev07	T2BT6_t3
Pool-8	FwdC	Rev08	T2BTS3_t3
Pool-8	FwdC	Rev09	T2A5_t3
Pool-8	FwdC	Rev10	B4_t0
Pool-8	FwdC	Rev11	BS6_t0
Pool-8	FwdC	Rev12	BTS2_t0
Pool-8	FwdD	Rev03	500E1_5_bp
Pool-8	FwdD	Rev07	T2BS1_t3
Pool-8	FwdD	Rev08	T2BTS4_t3
Pool-8	FwdD	Rev09	T2A6_t3
Pool-8	FwdD	Rev10	B5_t0
Pool-8	FwdD	Rev11	BT1_t0
Pool-8	FwdD	Rev12	BTS3_t0
Pool-8	FwdE	Rev07	T2BS2_t3
Pool-8	FwdE	Rev08	T2BTS5_t3
Pool-8	FwdE	Rev09	ANCMIX1_t0
Pool-8	FwdE	Rev10	B6_t0
Pool-8	FwdE	Rev11	BT2_t0
Pool-8	FwdE	Rev12	BTS4_t0
Pool-8	FwdF	Rev07	T2BS3_t3
Pool-8	FwdF	Rev08	T2BTS6_t3
Pool-8	FwdF	Rev09	ANCMIX2_t0
Pool-8	FwdF	Rev10	BS1_t0
Pool-8	FwdF	Rev11	BT3_t0
Pool-8	FwdF	Rev12	BTS5_t0
Pool-8	FwdG	Rev07	T2BS4_t3
Pool-8	FwdG	Rev08	T2A1_t3
Pool-8	FwdG	Rev09	ANCMIX3_t0
Pool-8	FwdG	Rev10	BS2_t0
Pool-8	FwdG	Rev11	BT4_t0
Pool-8	FwdG	Rev12	BTS6_t0
Pool-8	FwdH	Rev07	T2BS5_t3
Pool-8	FwdH	Rev08	T2A2_t3
Pool-8	FwdH	Rev09	B1_t0
Pool-8	FwdH	Rev10	BS3_t0
Pool-8	FwdH	Rev11	BT5_t0
Pool-8	FwdH	Rev12	pos_ctrl_B
