sample	strainID	genus	species	count	count_correct	amp_conc	replicate	evo_hist	day
500E1_4_bp	HAMBI_0006	Pseudomonas	putida	10	11	500	D	anc_evo_mix	27
500E1_4_bp	HAMBI_0097	Acinetobacter	johnsonii	19	21	500	D	anc_evo_mix	27
500E1_4_bp	HAMBI_0105	Agrobacterium	tumefaciens	5	10	500	D	anc_evo_mix	27
500E1_4_bp	HAMBI_0262	Brevundimonas	bullata	0	0	500	D	anc_evo_mix	27
500E1_4_bp	HAMBI_0403	Comamonas	testosteroni	249	210	500	D	anc_evo_mix	27
500E1_4_bp	HAMBI_1279	Hafnia	alvei	0	0	500	D	anc_evo_mix	27
500E1_4_bp	HAMBI_1287	Citrobacter	koseri	346	376	500	D	anc_evo_mix	27
500E1_4_bp	HAMBI_1292	Morganella	morganii	0	0	500	D	anc_evo_mix	27
500E1_4_bp	HAMBI_1299	Kluyvera	intermedia	0	0	500	D	anc_evo_mix	27
500E1_4_bp	HAMBI_1842	Sphingobium	yanoikuyae	546	1038	500	D	anc_evo_mix	27
500E1_4_bp	HAMBI_1896	Sphingobacterium	spiritivorum	759	1443	500	D	anc_evo_mix	27
500E1_4_bp	HAMBI_1972	Aeromonas	caviae	16116	12254	500	D	anc_evo_mix	27
500E1_4_bp	HAMBI_1977	Pseudomonas	chlororaphis	4218	6415	500	D	anc_evo_mix	27
500E1_4_bp	HAMBI_1988	Chitinophaga	sancti	0	0	500	D	anc_evo_mix	27
500E1_4_bp	HAMBI_2159	Trinickia	caryophylli	23	44	500	D	anc_evo_mix	27
500E1_4_bp	HAMBI_2160	Bordetella	avium	256	649	500	D	anc_evo_mix	27
500E1_4_bp	HAMBI_2164	Cupriavidus	oxalaticus	141	214	500	D	anc_evo_mix	27
500E1_4_bp	HAMBI_2443	Paracoccus	denitrificans	1	3	500	D	anc_evo_mix	27
500E1_4_bp	HAMBI_2494	Paraburkholderia	kururiensis	0	0	500	D	anc_evo_mix	27
500E1_4_bp	HAMBI_2659	Stenotrophomonas	maltophilia	3	6	500	D	anc_evo_mix	27
500E1_4_bp	HAMBI_2792	Moraxella	canis	0	0	500	D	anc_evo_mix	27
500E1_4_bp	HAMBI_3031	Niabella	yanshanensis	0	0	500	D	anc_evo_mix	27
500E1_4_bp	HAMBI_3237	Microvirga	lotononidis	0	0	500	D	anc_evo_mix	27
500E1_4_qg	HAMBI_0006	Pseudomonas	putida	4	5	500	D	anc_evo_mix	27
500E1_4_qg	HAMBI_0097	Acinetobacter	johnsonii	15	17	500	D	anc_evo_mix	27
500E1_4_qg	HAMBI_0105	Agrobacterium	tumefaciens	0	0	500	D	anc_evo_mix	27
500E1_4_qg	HAMBI_0262	Brevundimonas	bullata	0	0	500	D	anc_evo_mix	27
500E1_4_qg	HAMBI_0403	Comamonas	testosteroni	109	98	500	D	anc_evo_mix	27
500E1_4_qg	HAMBI_1279	Hafnia	alvei	0	0	500	D	anc_evo_mix	27
500E1_4_qg	HAMBI_1287	Citrobacter	koseri	125	144	500	D	anc_evo_mix	27
500E1_4_qg	HAMBI_1292	Morganella	morganii	0	0	500	D	anc_evo_mix	27
500E1_4_qg	HAMBI_1299	Kluyvera	intermedia	0	0	500	D	anc_evo_mix	27
500E1_4_qg	HAMBI_1842	Sphingobium	yanoikuyae	640	1291	500	D	anc_evo_mix	27
500E1_4_qg	HAMBI_1896	Sphingobacterium	spiritivorum	376	758	500	D	anc_evo_mix	27
500E1_4_qg	HAMBI_1972	Aeromonas	caviae	15891	12817	500	D	anc_evo_mix	27
500E1_4_qg	HAMBI_1977	Pseudomonas	chlororaphis	2938	4739	500	D	anc_evo_mix	27
500E1_4_qg	HAMBI_1988	Chitinophaga	sancti	0	0	500	D	anc_evo_mix	27
500E1_4_qg	HAMBI_2159	Trinickia	caryophylli	9	18	500	D	anc_evo_mix	27
500E1_4_qg	HAMBI_2160	Bordetella	avium	103	277	500	D	anc_evo_mix	27
500E1_4_qg	HAMBI_2164	Cupriavidus	oxalaticus	72	116	500	D	anc_evo_mix	27
500E1_4_qg	HAMBI_2443	Paracoccus	denitrificans	0	0	500	D	anc_evo_mix	27
500E1_4_qg	HAMBI_2494	Paraburkholderia	kururiensis	1	2	500	D	anc_evo_mix	27
500E1_4_qg	HAMBI_2659	Stenotrophomonas	maltophilia	1	2	500	D	anc_evo_mix	27
500E1_4_qg	HAMBI_2792	Moraxella	canis	0	0	500	D	anc_evo_mix	27
500E1_4_qg	HAMBI_3031	Niabella	yanshanensis	0	0	500	D	anc_evo_mix	27
500E1_4_qg	HAMBI_3237	Microvirga	lotononidis	0	0	500	D	anc_evo_mix	27
500E1_5_bp	HAMBI_0006	Pseudomonas	putida	6	6	500	E	anc_evo_mix	55
500E1_5_bp	HAMBI_0097	Acinetobacter	johnsonii	43	46	500	E	anc_evo_mix	55
500E1_5_bp	HAMBI_0105	Agrobacterium	tumefaciens	0	0	500	E	anc_evo_mix	55
500E1_5_bp	HAMBI_0262	Brevundimonas	bullata	0	0	500	E	anc_evo_mix	55
500E1_5_bp	HAMBI_0403	Comamonas	testosteroni	4718	3895	500	E	anc_evo_mix	55
500E1_5_bp	HAMBI_1279	Hafnia	alvei	0	0	500	E	anc_evo_mix	55
500E1_5_bp	HAMBI_1287	Citrobacter	koseri	1027	1090	500	E	anc_evo_mix	55
500E1_5_bp	HAMBI_1292	Morganella	morganii	0	0	500	E	anc_evo_mix	55
500E1_5_bp	HAMBI_1299	Kluyvera	intermedia	0	0	500	E	anc_evo_mix	55
500E1_5_bp	HAMBI_1842	Sphingobium	yanoikuyae	196	364	500	E	anc_evo_mix	55
500E1_5_bp	HAMBI_1896	Sphingobacterium	spiritivorum	2109	3918	500	E	anc_evo_mix	55
500E1_5_bp	HAMBI_1972	Aeromonas	caviae	11864	8815	500	E	anc_evo_mix	55
500E1_5_bp	HAMBI_1977	Pseudomonas	chlororaphis	3440	5112	500	E	anc_evo_mix	55
500E1_5_bp	HAMBI_1988	Chitinophaga	sancti	0	0	500	E	anc_evo_mix	55
500E1_5_bp	HAMBI_2159	Trinickia	caryophylli	40	74	500	E	anc_evo_mix	55
500E1_5_bp	HAMBI_2160	Bordetella	avium	59	146	500	E	anc_evo_mix	55
500E1_5_bp	HAMBI_2164	Cupriavidus	oxalaticus	6	9	500	E	anc_evo_mix	55
500E1_5_bp	HAMBI_2443	Paracoccus	denitrificans	0	0	500	E	anc_evo_mix	55
500E1_5_bp	HAMBI_2494	Paraburkholderia	kururiensis	0	0	500	E	anc_evo_mix	55
500E1_5_bp	HAMBI_2659	Stenotrophomonas	maltophilia	0	0	500	E	anc_evo_mix	55
500E1_5_bp	HAMBI_2792	Moraxella	canis	0	0	500	E	anc_evo_mix	55
500E1_5_bp	HAMBI_3031	Niabella	yanshanensis	12	45	500	E	anc_evo_mix	55
500E1_5_bp	HAMBI_3237	Microvirga	lotononidis	0	0	500	E	anc_evo_mix	55
500E1_5_qg	HAMBI_0006	Pseudomonas	putida	1	1	500	E	anc_evo_mix	55
500E1_5_qg	HAMBI_0097	Acinetobacter	johnsonii	9	10	500	E	anc_evo_mix	55
500E1_5_qg	HAMBI_0105	Agrobacterium	tumefaciens	0	0	500	E	anc_evo_mix	55
500E1_5_qg	HAMBI_0262	Brevundimonas	bullata	0	0	500	E	anc_evo_mix	55
500E1_5_qg	HAMBI_0403	Comamonas	testosteroni	0	0	500	E	anc_evo_mix	55
500E1_5_qg	HAMBI_1279	Hafnia	alvei	0	0	500	E	anc_evo_mix	55
500E1_5_qg	HAMBI_1287	Citrobacter	koseri	9	10	500	E	anc_evo_mix	55
500E1_5_qg	HAMBI_1292	Morganella	morganii	0	0	500	E	anc_evo_mix	55
500E1_5_qg	HAMBI_1299	Kluyvera	intermedia	0	0	500	E	anc_evo_mix	55
500E1_5_qg	HAMBI_1842	Sphingobium	yanoikuyae	0	0	500	E	anc_evo_mix	55
500E1_5_qg	HAMBI_1896	Sphingobacterium	spiritivorum	0	0	500	E	anc_evo_mix	55
500E1_5_qg	HAMBI_1972	Aeromonas	caviae	14	11	500	E	anc_evo_mix	55
500E1_5_qg	HAMBI_1977	Pseudomonas	chlororaphis	0	0	500	E	anc_evo_mix	55
500E1_5_qg	HAMBI_1988	Chitinophaga	sancti	0	0	500	E	anc_evo_mix	55
500E1_5_qg	HAMBI_2159	Trinickia	caryophylli	0	0	500	E	anc_evo_mix	55
500E1_5_qg	HAMBI_2160	Bordetella	avium	0	0	500	E	anc_evo_mix	55
500E1_5_qg	HAMBI_2164	Cupriavidus	oxalaticus	0	0	500	E	anc_evo_mix	55
500E1_5_qg	HAMBI_2443	Paracoccus	denitrificans	0	0	500	E	anc_evo_mix	55
500E1_5_qg	HAMBI_2494	Paraburkholderia	kururiensis	0	0	500	E	anc_evo_mix	55
500E1_5_qg	HAMBI_2659	Stenotrophomonas	maltophilia	1	2	500	E	anc_evo_mix	55
500E1_5_qg	HAMBI_2792	Moraxella	canis	0	0	500	E	anc_evo_mix	55
500E1_5_qg	HAMBI_3031	Niabella	yanshanensis	0	0	500	E	anc_evo_mix	55
500E1_5_qg	HAMBI_3237	Microvirga	lotononidis	0	0	500	E	anc_evo_mix	55
500E1_6_bp	HAMBI_0006	Pseudomonas	putida	952	972	500	F	anc_evo_mix	4
500E1_6_bp	HAMBI_0097	Acinetobacter	johnsonii	391	399	500	F	anc_evo_mix	4
500E1_6_bp	HAMBI_0105	Agrobacterium	tumefaciens	5	9	500	F	anc_evo_mix	4
500E1_6_bp	HAMBI_0262	Brevundimonas	bullata	0	0	500	F	anc_evo_mix	4
500E1_6_bp	HAMBI_0403	Comamonas	testosteroni	7	6	500	F	anc_evo_mix	4
500E1_6_bp	HAMBI_1279	Hafnia	alvei	42	43	500	F	anc_evo_mix	4
500E1_6_bp	HAMBI_1287	Citrobacter	koseri	1096	1119	500	F	anc_evo_mix	4
500E1_6_bp	HAMBI_1292	Morganella	morganii	229	234	500	F	anc_evo_mix	4
500E1_6_bp	HAMBI_1299	Kluyvera	intermedia	38	34	500	F	anc_evo_mix	4
500E1_6_bp	HAMBI_1842	Sphingobium	yanoikuyae	368	658	500	F	anc_evo_mix	4
500E1_6_bp	HAMBI_1896	Sphingobacterium	spiritivorum	1587	2836	500	F	anc_evo_mix	4
500E1_6_bp	HAMBI_1972	Aeromonas	caviae	12831	9172	500	F	anc_evo_mix	4
500E1_6_bp	HAMBI_1977	Pseudomonas	chlororaphis	3605	5154	500	F	anc_evo_mix	4
500E1_6_bp	HAMBI_1988	Chitinophaga	sancti	4	6	500	F	anc_evo_mix	4
500E1_6_bp	HAMBI_2159	Trinickia	caryophylli	33	59	500	F	anc_evo_mix	4
500E1_6_bp	HAMBI_2160	Bordetella	avium	311	741	500	F	anc_evo_mix	4
500E1_6_bp	HAMBI_2164	Cupriavidus	oxalaticus	82	117	500	F	anc_evo_mix	4
500E1_6_bp	HAMBI_2443	Paracoccus	denitrificans	8	19	500	F	anc_evo_mix	4
500E1_6_bp	HAMBI_2494	Paraburkholderia	kururiensis	1	2	500	F	anc_evo_mix	4
500E1_6_bp	HAMBI_2659	Stenotrophomonas	maltophilia	6	11	500	F	anc_evo_mix	4
500E1_6_bp	HAMBI_2792	Moraxella	canis	0	0	500	F	anc_evo_mix	4
500E1_6_bp	HAMBI_3031	Niabella	yanshanensis	2	7	500	F	anc_evo_mix	4
500E1_6_bp	HAMBI_3237	Microvirga	lotononidis	0	0	500	F	anc_evo_mix	4
500E1_6_qg	HAMBI_0006	Pseudomonas	putida	544	601	500	F	anc_evo_mix	4
500E1_6_qg	HAMBI_0097	Acinetobacter	johnsonii	209	231	500	F	anc_evo_mix	4
500E1_6_qg	HAMBI_0105	Agrobacterium	tumefaciens	56	108	500	F	anc_evo_mix	4
500E1_6_qg	HAMBI_0262	Brevundimonas	bullata	0	0	500	F	anc_evo_mix	4
500E1_6_qg	HAMBI_0403	Comamonas	testosteroni	4	3	500	F	anc_evo_mix	4
500E1_6_qg	HAMBI_1279	Hafnia	alvei	80	88	500	F	anc_evo_mix	4
500E1_6_qg	HAMBI_1287	Citrobacter	koseri	1693	1871	500	F	anc_evo_mix	4
500E1_6_qg	HAMBI_1292	Morganella	morganii	224	248	500	F	anc_evo_mix	4
500E1_6_qg	HAMBI_1299	Kluyvera	intermedia	70	68	500	F	anc_evo_mix	4
500E1_6_qg	HAMBI_1842	Sphingobium	yanoikuyae	229	443	500	F	anc_evo_mix	4
500E1_6_qg	HAMBI_1896	Sphingobacterium	spiritivorum	1147	2218	500	F	anc_evo_mix	4
500E1_6_qg	HAMBI_1972	Aeromonas	caviae	12507	9674	500	F	anc_evo_mix	4
500E1_6_qg	HAMBI_1977	Pseudomonas	chlororaphis	1569	2427	500	F	anc_evo_mix	4
500E1_6_qg	HAMBI_1988	Chitinophaga	sancti	0	0	500	F	anc_evo_mix	4
500E1_6_qg	HAMBI_2159	Trinickia	caryophylli	11	21	500	F	anc_evo_mix	4
500E1_6_qg	HAMBI_2160	Bordetella	avium	156	402	500	F	anc_evo_mix	4
500E1_6_qg	HAMBI_2164	Cupriavidus	oxalaticus	64	99	500	F	anc_evo_mix	4
500E1_6_qg	HAMBI_2443	Paracoccus	denitrificans	27	70	500	F	anc_evo_mix	4
500E1_6_qg	HAMBI_2494	Paraburkholderia	kururiensis	2	4	500	F	anc_evo_mix	4
500E1_6_qg	HAMBI_2659	Stenotrophomonas	maltophilia	4	8	500	F	anc_evo_mix	4
500E1_6_qg	HAMBI_2792	Moraxella	canis	0	0	500	F	anc_evo_mix	4
500E1_6_qg	HAMBI_3031	Niabella	yanshanensis	4	15	500	F	anc_evo_mix	4
500E1_6_qg	HAMBI_3237	Microvirga	lotononidis	0	0	500	F	anc_evo_mix	4
500E2_6_bp	HAMBI_0006	Pseudomonas	putida	2	2	500	F	evo	4
500E2_6_bp	HAMBI_0097	Acinetobacter	johnsonii	18	17	500	F	evo	4
500E2_6_bp	HAMBI_0105	Agrobacterium	tumefaciens	0	0	500	F	evo	4
500E2_6_bp	HAMBI_0262	Brevundimonas	bullata	0	0	500	F	evo	4
500E2_6_bp	HAMBI_0403	Comamonas	testosteroni	0	0	500	F	evo	4
500E2_6_bp	HAMBI_1279	Hafnia	alvei	0	0	500	F	evo	4
500E2_6_bp	HAMBI_1287	Citrobacter	koseri	14	13	500	F	evo	4
500E2_6_bp	HAMBI_1292	Morganella	morganii	2	2	500	F	evo	4
500E2_6_bp	HAMBI_1299	Kluyvera	intermedia	0	0	500	F	evo	4
500E2_6_bp	HAMBI_1842	Sphingobium	yanoikuyae	3	5	500	F	evo	4
500E2_6_bp	HAMBI_1896	Sphingobacterium	spiritivorum	13	22	500	F	evo	4
500E2_6_bp	HAMBI_1972	Aeromonas	caviae	48	32	500	F	evo	4
500E2_6_bp	HAMBI_1977	Pseudomonas	chlororaphis	12	16	500	F	evo	4
500E2_6_bp	HAMBI_1988	Chitinophaga	sancti	0	0	500	F	evo	4
500E2_6_bp	HAMBI_2159	Trinickia	caryophylli	0	0	500	F	evo	4
500E2_6_bp	HAMBI_2160	Bordetella	avium	1	2	500	F	evo	4
500E2_6_bp	HAMBI_2164	Cupriavidus	oxalaticus	0	0	500	F	evo	4
500E2_6_bp	HAMBI_2443	Paracoccus	denitrificans	0	0	500	F	evo	4
500E2_6_bp	HAMBI_2494	Paraburkholderia	kururiensis	0	0	500	F	evo	4
500E2_6_bp	HAMBI_2659	Stenotrophomonas	maltophilia	4	7	500	F	evo	4
500E2_6_bp	HAMBI_2792	Moraxella	canis	0	0	500	F	evo	4
500E2_6_bp	HAMBI_3031	Niabella	yanshanensis	0	0	500	F	evo	4
500E2_6_bp	HAMBI_3237	Microvirga	lotononidis	0	0	500	F	evo	4
500E2_6_qg	HAMBI_0006	Pseudomonas	putida	110	114	500	F	evo	4
500E2_6_qg	HAMBI_0097	Acinetobacter	johnsonii	1437	1493	500	F	evo	4
500E2_6_qg	HAMBI_0105	Agrobacterium	tumefaciens	129	235	500	F	evo	4
500E2_6_qg	HAMBI_0262	Brevundimonas	bullata	0	0	500	F	evo	4
500E2_6_qg	HAMBI_0403	Comamonas	testosteroni	60	48	500	F	evo	4
500E2_6_qg	HAMBI_1279	Hafnia	alvei	402	418	500	F	evo	4
500E2_6_qg	HAMBI_1287	Citrobacter	koseri	3667	3811	500	F	evo	4
500E2_6_qg	HAMBI_1292	Morganella	morganii	1823	1895	500	F	evo	4
500E2_6_qg	HAMBI_1299	Kluyvera	intermedia	395	359	500	F	evo	4
500E2_6_qg	HAMBI_1842	Sphingobium	yanoikuyae	527	958	500	F	evo	4
500E2_6_qg	HAMBI_1896	Sphingobacterium	spiritivorum	2024	3681	500	F	evo	4
500E2_6_qg	HAMBI_1972	Aeromonas	caviae	11259	8190	500	F	evo	4
500E2_6_qg	HAMBI_1977	Pseudomonas	chlororaphis	108	157	500	F	evo	4
500E2_6_qg	HAMBI_1988	Chitinophaga	sancti	0	0	500	F	evo	4
500E2_6_qg	HAMBI_2159	Trinickia	caryophylli	23	42	500	F	evo	4
500E2_6_qg	HAMBI_2160	Bordetella	avium	215	521	500	F	evo	4
500E2_6_qg	HAMBI_2164	Cupriavidus	oxalaticus	204	297	500	F	evo	4
500E2_6_qg	HAMBI_2443	Paracoccus	denitrificans	58	141	500	F	evo	4
500E2_6_qg	HAMBI_2494	Paraburkholderia	kururiensis	2	4	500	F	evo	4
500E2_6_qg	HAMBI_2659	Stenotrophomonas	maltophilia	54	98	500	F	evo	4
500E2_6_qg	HAMBI_2792	Moraxella	canis	0	0	500	F	evo	4
500E2_6_qg	HAMBI_3031	Niabella	yanshanensis	13	47	500	F	evo	4
500E2_6_qg	HAMBI_3237	Microvirga	lotononidis	1	1	500	F	evo	4
500E3_7_bp	HAMBI_0006	Pseudomonas	putida	1042	1038	500	G	anc	4
500E3_7_bp	HAMBI_0097	Acinetobacter	johnsonii	3652	3637	500	G	anc	4
500E3_7_bp	HAMBI_0105	Agrobacterium	tumefaciens	22	38	500	G	anc	4
500E3_7_bp	HAMBI_0262	Brevundimonas	bullata	0	0	500	G	anc	4
500E3_7_bp	HAMBI_0403	Comamonas	testosteroni	6	5	500	G	anc	4
500E3_7_bp	HAMBI_1279	Hafnia	alvei	199	198	500	G	anc	4
500E3_7_bp	HAMBI_1287	Citrobacter	koseri	2345	2335	500	G	anc	4
500E3_7_bp	HAMBI_1292	Morganella	morganii	404	402	500	G	anc	4
500E3_7_bp	HAMBI_1299	Kluyvera	intermedia	143	125	500	G	anc	4
500E3_7_bp	HAMBI_1842	Sphingobium	yanoikuyae	641	1117	500	G	anc	4
500E3_7_bp	HAMBI_1896	Sphingobacterium	spiritivorum	2742	4779	500	G	anc	4
500E3_7_bp	HAMBI_1972	Aeromonas	caviae	13314	9281	500	G	anc	4
500E3_7_bp	HAMBI_1977	Pseudomonas	chlororaphis	1754	2445	500	G	anc	4
500E3_7_bp	HAMBI_1988	Chitinophaga	sancti	3	4	500	G	anc	4
500E3_7_bp	HAMBI_2159	Trinickia	caryophylli	56	98	500	G	anc	4
500E3_7_bp	HAMBI_2160	Bordetella	avium	579	1345	500	G	anc	4
500E3_7_bp	HAMBI_2164	Cupriavidus	oxalaticus	28	39	500	G	anc	4
500E3_7_bp	HAMBI_2443	Paracoccus	denitrificans	18	42	500	G	anc	4
500E3_7_bp	HAMBI_2494	Paraburkholderia	kururiensis	6	10	500	G	anc	4
500E3_7_bp	HAMBI_2659	Stenotrophomonas	maltophilia	0	0	500	G	anc	4
500E3_7_bp	HAMBI_2792	Moraxella	canis	0	0	500	G	anc	4
500E3_7_bp	HAMBI_3031	Niabella	yanshanensis	6	21	500	G	anc	4
500E3_7_bp	HAMBI_3237	Microvirga	lotononidis	0	0	500	G	anc	4
500E3_7_qg	HAMBI_0006	Pseudomonas	putida	321	346	500	G	anc	4
500E3_7_qg	HAMBI_0097	Acinetobacter	johnsonii	5007	5399	500	G	anc	4
500E3_7_qg	HAMBI_0105	Agrobacterium	tumefaciens	54	102	500	G	anc	4
500E3_7_qg	HAMBI_0262	Brevundimonas	bullata	0	0	500	G	anc	4
500E3_7_qg	HAMBI_0403	Comamonas	testosteroni	12	10	500	G	anc	4
500E3_7_qg	HAMBI_1279	Hafnia	alvei	112	121	500	G	anc	4
500E3_7_qg	HAMBI_1287	Citrobacter	koseri	1747	1884	500	G	anc	4
500E3_7_qg	HAMBI_1292	Morganella	morganii	496	535	500	G	anc	4
500E3_7_qg	HAMBI_1299	Kluyvera	intermedia	82	77	500	G	anc	4
500E3_7_qg	HAMBI_1842	Sphingobium	yanoikuyae	419	791	500	G	anc	4
500E3_7_qg	HAMBI_1896	Sphingobacterium	spiritivorum	1396	2634	500	G	anc	4
500E3_7_qg	HAMBI_1972	Aeromonas	caviae	13334	10065	500	G	anc	4
500E3_7_qg	HAMBI_1977	Pseudomonas	chlororaphis	1244	1878	500	G	anc	4
500E3_7_qg	HAMBI_1988	Chitinophaga	sancti	1	2	500	G	anc	4
500E3_7_qg	HAMBI_2159	Trinickia	caryophylli	16	30	500	G	anc	4
500E3_7_qg	HAMBI_2160	Bordetella	avium	195	491	500	G	anc	4
500E3_7_qg	HAMBI_2164	Cupriavidus	oxalaticus	16	24	500	G	anc	4
500E3_7_qg	HAMBI_2443	Paracoccus	denitrificans	34	86	500	G	anc	4
500E3_7_qg	HAMBI_2494	Paraburkholderia	kururiensis	1	2	500	G	anc	4
500E3_7_qg	HAMBI_2659	Stenotrophomonas	maltophilia	4	8	500	G	anc	4
500E3_7_qg	HAMBI_2792	Moraxella	canis	0	0	500	G	anc	4
500E3_7_qg	HAMBI_3031	Niabella	yanshanensis	3	11	500	G	anc	4
500E3_7_qg	HAMBI_3237	Microvirga	lotononidis	0	0	500	G	anc	4
50E1_3_bp	HAMBI_0006	Pseudomonas	putida	501	500	50	C	anc_evo_mix	27
50E1_3_bp	HAMBI_0097	Acinetobacter	johnsonii	0	0	50	C	anc_evo_mix	27
50E1_3_bp	HAMBI_0105	Agrobacterium	tumefaciens	5	9	50	C	anc_evo_mix	27
50E1_3_bp	HAMBI_0262	Brevundimonas	bullata	0	0	50	C	anc_evo_mix	27
50E1_3_bp	HAMBI_0403	Comamonas	testosteroni	148	115	50	C	anc_evo_mix	27
50E1_3_bp	HAMBI_1279	Hafnia	alvei	0	0	50	C	anc_evo_mix	27
50E1_3_bp	HAMBI_1287	Citrobacter	koseri	1620	1618	50	C	anc_evo_mix	27
50E1_3_bp	HAMBI_1292	Morganella	morganii	22	22	50	C	anc_evo_mix	27
50E1_3_bp	HAMBI_1299	Kluyvera	intermedia	0	0	50	C	anc_evo_mix	27
50E1_3_bp	HAMBI_1842	Sphingobium	yanoikuyae	340	594	50	C	anc_evo_mix	27
50E1_3_bp	HAMBI_1896	Sphingobacterium	spiritivorum	2621	4582	50	C	anc_evo_mix	27
50E1_3_bp	HAMBI_1972	Aeromonas	caviae	11452	8007	50	C	anc_evo_mix	27
50E1_3_bp	HAMBI_1977	Pseudomonas	chlororaphis	1866	2609	50	C	anc_evo_mix	27
50E1_3_bp	HAMBI_1988	Chitinophaga	sancti	0	0	50	C	anc_evo_mix	27
50E1_3_bp	HAMBI_2159	Trinickia	caryophylli	6	10	50	C	anc_evo_mix	27
50E1_3_bp	HAMBI_2160	Bordetella	avium	331	771	50	C	anc_evo_mix	27
50E1_3_bp	HAMBI_2164	Cupriavidus	oxalaticus	76	106	50	C	anc_evo_mix	27
50E1_3_bp	HAMBI_2443	Paracoccus	denitrificans	1	2	50	C	anc_evo_mix	27
50E1_3_bp	HAMBI_2494	Paraburkholderia	kururiensis	0	0	50	C	anc_evo_mix	27
50E1_3_bp	HAMBI_2659	Stenotrophomonas	maltophilia	52	91	50	C	anc_evo_mix	27
50E1_3_bp	HAMBI_2792	Moraxella	canis	0	0	50	C	anc_evo_mix	27
50E1_3_bp	HAMBI_3031	Niabella	yanshanensis	1	3	50	C	anc_evo_mix	27
50E1_3_bp	HAMBI_3237	Microvirga	lotononidis	0	0	50	C	anc_evo_mix	27
50E1_3_qg	HAMBI_0006	Pseudomonas	putida	466	505	50	C	anc_evo_mix	27
50E1_3_qg	HAMBI_0097	Acinetobacter	johnsonii	0	0	50	C	anc_evo_mix	27
50E1_3_qg	HAMBI_0105	Agrobacterium	tumefaciens	23	44	50	C	anc_evo_mix	27
50E1_3_qg	HAMBI_0262	Brevundimonas	bullata	0	0	50	C	anc_evo_mix	27
50E1_3_qg	HAMBI_0403	Comamonas	testosteroni	58	49	50	C	anc_evo_mix	27
50E1_3_qg	HAMBI_1279	Hafnia	alvei	0	0	50	C	anc_evo_mix	27
50E1_3_qg	HAMBI_1287	Citrobacter	koseri	1498	1623	50	C	anc_evo_mix	27
50E1_3_qg	HAMBI_1292	Morganella	morganii	33	36	50	C	anc_evo_mix	27
50E1_3_qg	HAMBI_1299	Kluyvera	intermedia	0	0	50	C	anc_evo_mix	27
50E1_3_qg	HAMBI_1842	Sphingobium	yanoikuyae	196	372	50	C	anc_evo_mix	27
50E1_3_qg	HAMBI_1896	Sphingobacterium	spiritivorum	2255	4276	50	C	anc_evo_mix	27
50E1_3_qg	HAMBI_1972	Aeromonas	caviae	14898	11299	50	C	anc_evo_mix	27
50E1_3_qg	HAMBI_1977	Pseudomonas	chlororaphis	1732	2627	50	C	anc_evo_mix	27
50E1_3_qg	HAMBI_1988	Chitinophaga	sancti	0	0	50	C	anc_evo_mix	27
50E1_3_qg	HAMBI_2159	Trinickia	caryophylli	2	4	50	C	anc_evo_mix	27
50E1_3_qg	HAMBI_2160	Bordetella	avium	202	511	50	C	anc_evo_mix	27
50E1_3_qg	HAMBI_2164	Cupriavidus	oxalaticus	37	56	50	C	anc_evo_mix	27
50E1_3_qg	HAMBI_2443	Paracoccus	denitrificans	0	0	50	C	anc_evo_mix	27
50E1_3_qg	HAMBI_2494	Paraburkholderia	kururiensis	0	0	50	C	anc_evo_mix	27
50E1_3_qg	HAMBI_2659	Stenotrophomonas	maltophilia	0	0	50	C	anc_evo_mix	27
50E1_3_qg	HAMBI_2792	Moraxella	canis	0	0	50	C	anc_evo_mix	27
50E1_3_qg	HAMBI_3031	Niabella	yanshanensis	0	0	50	C	anc_evo_mix	27
50E1_3_qg	HAMBI_3237	Microvirga	lotononidis	0	0	50	C	anc_evo_mix	27
50E1_4_bp	HAMBI_0006	Pseudomonas	putida	1206	1181	50	D	anc_evo_mix	4
50E1_4_bp	HAMBI_0097	Acinetobacter	johnsonii	717	702	50	D	anc_evo_mix	4
50E1_4_bp	HAMBI_0105	Agrobacterium	tumefaciens	11	19	50	D	anc_evo_mix	4
50E1_4_bp	HAMBI_0262	Brevundimonas	bullata	0	0	50	D	anc_evo_mix	4
50E1_4_bp	HAMBI_0403	Comamonas	testosteroni	12	9	50	D	anc_evo_mix	4
50E1_4_bp	HAMBI_1279	Hafnia	alvei	137	134	50	D	anc_evo_mix	4
50E1_4_bp	HAMBI_1287	Citrobacter	koseri	2850	2790	50	D	anc_evo_mix	4
50E1_4_bp	HAMBI_1292	Morganella	morganii	507	496	50	D	anc_evo_mix	4
50E1_4_bp	HAMBI_1299	Kluyvera	intermedia	142	122	50	D	anc_evo_mix	4
50E1_4_bp	HAMBI_1842	Sphingobium	yanoikuyae	748	1282	50	D	anc_evo_mix	4
50E1_4_bp	HAMBI_1896	Sphingobacterium	spiritivorum	3198	5479	50	D	anc_evo_mix	4
50E1_4_bp	HAMBI_1972	Aeromonas	caviae	15539	10650	50	D	anc_evo_mix	4
50E1_4_bp	HAMBI_1977	Pseudomonas	chlororaphis	3241	4443	50	D	anc_evo_mix	4
50E1_4_bp	HAMBI_1988	Chitinophaga	sancti	1	1	50	D	anc_evo_mix	4
50E1_4_bp	HAMBI_2159	Trinickia	caryophylli	42	72	50	D	anc_evo_mix	4
50E1_4_bp	HAMBI_2160	Bordetella	avium	643	1469	50	D	anc_evo_mix	4
50E1_4_bp	HAMBI_2164	Cupriavidus	oxalaticus	258	354	50	D	anc_evo_mix	4
50E1_4_bp	HAMBI_2443	Paracoccus	denitrificans	9	21	50	D	anc_evo_mix	4
50E1_4_bp	HAMBI_2494	Paraburkholderia	kururiensis	3	5	50	D	anc_evo_mix	4
50E1_4_bp	HAMBI_2659	Stenotrophomonas	maltophilia	2	3	50	D	anc_evo_mix	4
50E1_4_bp	HAMBI_2792	Moraxella	canis	0	0	50	D	anc_evo_mix	4
50E1_4_bp	HAMBI_3031	Niabella	yanshanensis	14	48	50	D	anc_evo_mix	4
50E1_4_bp	HAMBI_3237	Microvirga	lotononidis	0	0	50	D	anc_evo_mix	4
50E1_4_qg	HAMBI_0006	Pseudomonas	putida	2	2	50	D	anc_evo_mix	4
50E1_4_qg	HAMBI_0097	Acinetobacter	johnsonii	2	2	50	D	anc_evo_mix	4
50E1_4_qg	HAMBI_0105	Agrobacterium	tumefaciens	0	0	50	D	anc_evo_mix	4
50E1_4_qg	HAMBI_0262	Brevundimonas	bullata	0	0	50	D	anc_evo_mix	4
50E1_4_qg	HAMBI_0403	Comamonas	testosteroni	0	0	50	D	anc_evo_mix	4
50E1_4_qg	HAMBI_1279	Hafnia	alvei	0	0	50	D	anc_evo_mix	4
50E1_4_qg	HAMBI_1287	Citrobacter	koseri	4	4	50	D	anc_evo_mix	4
50E1_4_qg	HAMBI_1292	Morganella	morganii	0	0	50	D	anc_evo_mix	4
50E1_4_qg	HAMBI_1299	Kluyvera	intermedia	0	0	50	D	anc_evo_mix	4
50E1_4_qg	HAMBI_1842	Sphingobium	yanoikuyae	0	0	50	D	anc_evo_mix	4
50E1_4_qg	HAMBI_1896	Sphingobacterium	spiritivorum	5	9	50	D	anc_evo_mix	4
50E1_4_qg	HAMBI_1972	Aeromonas	caviae	16	11	50	D	anc_evo_mix	4
50E1_4_qg	HAMBI_1977	Pseudomonas	chlororaphis	1	1	50	D	anc_evo_mix	4
50E1_4_qg	HAMBI_1988	Chitinophaga	sancti	0	0	50	D	anc_evo_mix	4
50E1_4_qg	HAMBI_2159	Trinickia	caryophylli	0	0	50	D	anc_evo_mix	4
50E1_4_qg	HAMBI_2160	Bordetella	avium	0	0	50	D	anc_evo_mix	4
50E1_4_qg	HAMBI_2164	Cupriavidus	oxalaticus	0	0	50	D	anc_evo_mix	4
50E1_4_qg	HAMBI_2443	Paracoccus	denitrificans	0	0	50	D	anc_evo_mix	4
50E1_4_qg	HAMBI_2494	Paraburkholderia	kururiensis	0	0	50	D	anc_evo_mix	4
50E1_4_qg	HAMBI_2659	Stenotrophomonas	maltophilia	0	0	50	D	anc_evo_mix	4
50E1_4_qg	HAMBI_2792	Moraxella	canis	0	0	50	D	anc_evo_mix	4
50E1_4_qg	HAMBI_3031	Niabella	yanshanensis	0	0	50	D	anc_evo_mix	4
50E1_4_qg	HAMBI_3237	Microvirga	lotononidis	0	0	50	D	anc_evo_mix	4
50E3_4_bp	HAMBI_0006	Pseudomonas	putida	0	0	50	D	anc	27
50E3_4_bp	HAMBI_0097	Acinetobacter	johnsonii	0	0	50	D	anc	27
50E3_4_bp	HAMBI_0105	Agrobacterium	tumefaciens	7	11	50	D	anc	27
50E3_4_bp	HAMBI_0262	Brevundimonas	bullata	0	0	50	D	anc	27
50E3_4_bp	HAMBI_0403	Comamonas	testosteroni	101	69	50	D	anc	27
50E3_4_bp	HAMBI_1279	Hafnia	alvei	0	0	50	D	anc	27
50E3_4_bp	HAMBI_1287	Citrobacter	koseri	214	188	50	D	anc	27
50E3_4_bp	HAMBI_1292	Morganella	morganii	0	0	50	D	anc	27
50E3_4_bp	HAMBI_1299	Kluyvera	intermedia	0	0	50	D	anc	27
50E3_4_bp	HAMBI_1842	Sphingobium	yanoikuyae	10	15	50	D	anc	27
50E3_4_bp	HAMBI_1896	Sphingobacterium	spiritivorum	33	51	50	D	anc	27
50E3_4_bp	HAMBI_1972	Aeromonas	caviae	18	11	50	D	anc	27
50E3_4_bp	HAMBI_1977	Pseudomonas	chlororaphis	25	31	50	D	anc	27
50E3_4_bp	HAMBI_1988	Chitinophaga	sancti	0	0	50	D	anc	27
50E3_4_bp	HAMBI_2159	Trinickia	caryophylli	0	0	50	D	anc	27
50E3_4_bp	HAMBI_2160	Bordetella	avium	1	2	50	D	anc	27
50E3_4_bp	HAMBI_2164	Cupriavidus	oxalaticus	0	0	50	D	anc	27
50E3_4_bp	HAMBI_2443	Paracoccus	denitrificans	2	4	50	D	anc	27
50E3_4_bp	HAMBI_2494	Paraburkholderia	kururiensis	0	0	50	D	anc	27
50E3_4_bp	HAMBI_2659	Stenotrophomonas	maltophilia	30	46	50	D	anc	27
50E3_4_bp	HAMBI_2792	Moraxella	canis	0	0	50	D	anc	27
50E3_4_bp	HAMBI_3031	Niabella	yanshanensis	6	18	50	D	anc	27
50E3_4_bp	HAMBI_3237	Microvirga	lotononidis	0	0	50	D	anc	27
50E3_4_qg	HAMBI_0006	Pseudomonas	putida	0	0	50	D	anc	27
50E3_4_qg	HAMBI_0097	Acinetobacter	johnsonii	1	1	50	D	anc	27
50E3_4_qg	HAMBI_0105	Agrobacterium	tumefaciens	0	0	50	D	anc	27
50E3_4_qg	HAMBI_0262	Brevundimonas	bullata	0	0	50	D	anc	27
50E3_4_qg	HAMBI_0403	Comamonas	testosteroni	1	1	50	D	anc	27
50E3_4_qg	HAMBI_1279	Hafnia	alvei	0	0	50	D	anc	27
50E3_4_qg	HAMBI_1287	Citrobacter	koseri	0	0	50	D	anc	27
50E3_4_qg	HAMBI_1292	Morganella	morganii	0	0	50	D	anc	27
50E3_4_qg	HAMBI_1299	Kluyvera	intermedia	0	0	50	D	anc	27
50E3_4_qg	HAMBI_1842	Sphingobium	yanoikuyae	2	4	50	D	anc	27
50E3_4_qg	HAMBI_1896	Sphingobacterium	spiritivorum	0	0	50	D	anc	27
50E3_4_qg	HAMBI_1972	Aeromonas	caviae	9	7	50	D	anc	27
50E3_4_qg	HAMBI_1977	Pseudomonas	chlororaphis	0	0	50	D	anc	27
50E3_4_qg	HAMBI_1988	Chitinophaga	sancti	0	0	50	D	anc	27
50E3_4_qg	HAMBI_2159	Trinickia	caryophylli	0	0	50	D	anc	27
50E3_4_qg	HAMBI_2160	Bordetella	avium	0	0	50	D	anc	27
50E3_4_qg	HAMBI_2164	Cupriavidus	oxalaticus	0	0	50	D	anc	27
50E3_4_qg	HAMBI_2443	Paracoccus	denitrificans	0	0	50	D	anc	27
50E3_4_qg	HAMBI_2494	Paraburkholderia	kururiensis	0	0	50	D	anc	27
50E3_4_qg	HAMBI_2659	Stenotrophomonas	maltophilia	0	0	50	D	anc	27
50E3_4_qg	HAMBI_2792	Moraxella	canis	0	0	50	D	anc	27
50E3_4_qg	HAMBI_3031	Niabella	yanshanensis	0	0	50	D	anc	27
50E3_4_qg	HAMBI_3237	Microvirga	lotononidis	0	0	50	D	anc	27
50E3_5_bp	HAMBI_0006	Pseudomonas	putida	2846	2940	50	E	anc	55
50E3_5_bp	HAMBI_0097	Acinetobacter	johnsonii	15	15	50	E	anc	55
50E3_5_bp	HAMBI_0105	Agrobacterium	tumefaciens	41	74	50	E	anc	55
50E3_5_bp	HAMBI_0262	Brevundimonas	bullata	0	0	50	E	anc	55
50E3_5_bp	HAMBI_0403	Comamonas	testosteroni	175	141	50	E	anc	55
50E3_5_bp	HAMBI_1279	Hafnia	alvei	0	0	50	E	anc	55
50E3_5_bp	HAMBI_1287	Citrobacter	koseri	1520	1570	50	E	anc	55
50E3_5_bp	HAMBI_1292	Morganella	morganii	11	11	50	E	anc	55
50E3_5_bp	HAMBI_1299	Kluyvera	intermedia	0	0	50	E	anc	55
50E3_5_bp	HAMBI_1842	Sphingobium	yanoikuyae	283	512	50	E	anc	55
50E3_5_bp	HAMBI_1896	Sphingobacterium	spiritivorum	3270	5912	50	E	anc	55
50E3_5_bp	HAMBI_1972	Aeromonas	caviae	15736	11381	50	E	anc	55
50E3_5_bp	HAMBI_1977	Pseudomonas	chlororaphis	1808	2615	50	E	anc	55
50E3_5_bp	HAMBI_1988	Chitinophaga	sancti	0	0	50	E	anc	55
50E3_5_bp	HAMBI_2159	Trinickia	caryophylli	1	2	50	E	anc	55
50E3_5_bp	HAMBI_2160	Bordetella	avium	302	728	50	E	anc	55
50E3_5_bp	HAMBI_2164	Cupriavidus	oxalaticus	156	226	50	E	anc	55
50E3_5_bp	HAMBI_2443	Paracoccus	denitrificans	0	0	50	E	anc	55
50E3_5_bp	HAMBI_2494	Paraburkholderia	kururiensis	0	0	50	E	anc	55
50E3_5_bp	HAMBI_2659	Stenotrophomonas	maltophilia	6	11	50	E	anc	55
50E3_5_bp	HAMBI_2792	Moraxella	canis	0	0	50	E	anc	55
50E3_5_bp	HAMBI_3031	Niabella	yanshanensis	12	43	50	E	anc	55
50E3_5_bp	HAMBI_3237	Microvirga	lotononidis	0	0	50	E	anc	55
50E3_5_qg	HAMBI_0006	Pseudomonas	putida	1233	1418	50	E	anc	55
50E3_5_qg	HAMBI_0097	Acinetobacter	johnsonii	0	0	50	E	anc	55
50E3_5_qg	HAMBI_0105	Agrobacterium	tumefaciens	282	567	50	E	anc	55
50E3_5_qg	HAMBI_0262	Brevundimonas	bullata	0	0	50	E	anc	55
50E3_5_qg	HAMBI_0403	Comamonas	testosteroni	66	59	50	E	anc	55
50E3_5_qg	HAMBI_1279	Hafnia	alvei	0	0	50	E	anc	55
50E3_5_qg	HAMBI_1287	Citrobacter	koseri	1059	1218	50	E	anc	55
50E3_5_qg	HAMBI_1292	Morganella	morganii	6	7	50	E	anc	55
50E3_5_qg	HAMBI_1299	Kluyvera	intermedia	0	0	50	E	anc	55
50E3_5_qg	HAMBI_1842	Sphingobium	yanoikuyae	321	646	50	E	anc	55
50E3_5_qg	HAMBI_1896	Sphingobacterium	spiritivorum	1784	3590	50	E	anc	55
50E3_5_qg	HAMBI_1972	Aeromonas	caviae	18178	14631	50	E	anc	55
50E3_5_qg	HAMBI_1977	Pseudomonas	chlororaphis	943	1518	50	E	anc	55
50E3_5_qg	HAMBI_1988	Chitinophaga	sancti	0	0	50	E	anc	55
50E3_5_qg	HAMBI_2159	Trinickia	caryophylli	0	0	50	E	anc	55
50E3_5_qg	HAMBI_2160	Bordetella	avium	102	274	50	E	anc	55
50E3_5_qg	HAMBI_2164	Cupriavidus	oxalaticus	56	90	50	E	anc	55
50E3_5_qg	HAMBI_2443	Paracoccus	denitrificans	0	0	50	E	anc	55
50E3_5_qg	HAMBI_2494	Paraburkholderia	kururiensis	0	0	50	E	anc	55
50E3_5_qg	HAMBI_2659	Stenotrophomonas	maltophilia	0	0	50	E	anc	55
50E3_5_qg	HAMBI_2792	Moraxella	canis	0	0	50	E	anc	55
50E3_5_qg	HAMBI_3031	Niabella	yanshanensis	4	16	50	E	anc	55
50E3_5_qg	HAMBI_3237	Microvirga	lotononidis	0	0	50	E	anc	55
5E1_4_bp	HAMBI_0006	Pseudomonas	putida	2100	2239	5	D	anc_evo_mix	55
5E1_4_bp	HAMBI_0097	Acinetobacter	johnsonii	1015	1082	5	D	anc_evo_mix	55
5E1_4_bp	HAMBI_0105	Agrobacterium	tumefaciens	23	43	5	D	anc_evo_mix	55
5E1_4_bp	HAMBI_0262	Brevundimonas	bullata	0	0	5	D	anc_evo_mix	55
5E1_4_bp	HAMBI_0403	Comamonas	testosteroni	125	104	5	D	anc_evo_mix	55
5E1_4_bp	HAMBI_1279	Hafnia	alvei	0	0	5	D	anc_evo_mix	55
5E1_4_bp	HAMBI_1287	Citrobacter	koseri	1067	1138	5	D	anc_evo_mix	55
5E1_4_bp	HAMBI_1292	Morganella	morganii	4	4	5	D	anc_evo_mix	55
5E1_4_bp	HAMBI_1299	Kluyvera	intermedia	0	0	5	D	anc_evo_mix	55
5E1_4_bp	HAMBI_1842	Sphingobium	yanoikuyae	225	420	5	D	anc_evo_mix	55
5E1_4_bp	HAMBI_1896	Sphingobacterium	spiritivorum	2648	4941	5	D	anc_evo_mix	55
5E1_4_bp	HAMBI_1972	Aeromonas	caviae	14662	10944	5	D	anc_evo_mix	55
5E1_4_bp	HAMBI_1977	Pseudomonas	chlororaphis	1013	1512	5	D	anc_evo_mix	55
5E1_4_bp	HAMBI_1988	Chitinophaga	sancti	0	0	5	D	anc_evo_mix	55
5E1_4_bp	HAMBI_2159	Trinickia	caryophylli	2	4	5	D	anc_evo_mix	55
5E1_4_bp	HAMBI_2160	Bordetella	avium	254	632	5	D	anc_evo_mix	55
5E1_4_bp	HAMBI_2164	Cupriavidus	oxalaticus	74	110	5	D	anc_evo_mix	55
5E1_4_bp	HAMBI_2443	Paracoccus	denitrificans	0	0	5	D	anc_evo_mix	55
5E1_4_bp	HAMBI_2494	Paraburkholderia	kururiensis	1	2	5	D	anc_evo_mix	55
5E1_4_bp	HAMBI_2659	Stenotrophomonas	maltophilia	0	0	5	D	anc_evo_mix	55
5E1_4_bp	HAMBI_2792	Moraxella	canis	0	0	5	D	anc_evo_mix	55
5E1_4_bp	HAMBI_3031	Niabella	yanshanensis	14	52	5	D	anc_evo_mix	55
5E1_4_bp	HAMBI_3237	Microvirga	lotononidis	0	0	5	D	anc_evo_mix	55
5E1_4_qg	HAMBI_0006	Pseudomonas	putida	1389	1534	5	D	anc_evo_mix	55
5E1_4_qg	HAMBI_0097	Acinetobacter	johnsonii	1369	1511	5	D	anc_evo_mix	55
5E1_4_qg	HAMBI_0105	Agrobacterium	tumefaciens	319	616	5	D	anc_evo_mix	55
5E1_4_qg	HAMBI_0262	Brevundimonas	bullata	0	0	5	D	anc_evo_mix	55
5E1_4_qg	HAMBI_0403	Comamonas	testosteroni	58	50	5	D	anc_evo_mix	55
5E1_4_qg	HAMBI_1279	Hafnia	alvei	0	0	5	D	anc_evo_mix	55
5E1_4_qg	HAMBI_1287	Citrobacter	koseri	951	1050	5	D	anc_evo_mix	55
5E1_4_qg	HAMBI_1292	Morganella	morganii	13	14	5	D	anc_evo_mix	55
5E1_4_qg	HAMBI_1299	Kluyvera	intermedia	0	0	5	D	anc_evo_mix	55
5E1_4_qg	HAMBI_1842	Sphingobium	yanoikuyae	460	889	5	D	anc_evo_mix	55
5E1_4_qg	HAMBI_1896	Sphingobacterium	spiritivorum	2020	3903	5	D	anc_evo_mix	55
5E1_4_qg	HAMBI_1972	Aeromonas	caviae	17033	13164	5	D	anc_evo_mix	55
5E1_4_qg	HAMBI_1977	Pseudomonas	chlororaphis	1173	1813	5	D	anc_evo_mix	55
5E1_4_qg	HAMBI_1988	Chitinophaga	sancti	0	0	5	D	anc_evo_mix	55
5E1_4_qg	HAMBI_2159	Trinickia	caryophylli	1	2	5	D	anc_evo_mix	55
5E1_4_qg	HAMBI_2160	Bordetella	avium	129	332	5	D	anc_evo_mix	55
5E1_4_qg	HAMBI_2164	Cupriavidus	oxalaticus	36	56	5	D	anc_evo_mix	55
5E1_4_qg	HAMBI_2443	Paracoccus	denitrificans	0	0	5	D	anc_evo_mix	55
5E1_4_qg	HAMBI_2494	Paraburkholderia	kururiensis	0	0	5	D	anc_evo_mix	55
5E1_4_qg	HAMBI_2659	Stenotrophomonas	maltophilia	0	0	5	D	anc_evo_mix	55
5E1_4_qg	HAMBI_2792	Moraxella	canis	0	0	5	D	anc_evo_mix	55
5E1_4_qg	HAMBI_3031	Niabella	yanshanensis	6	23	5	D	anc_evo_mix	55
5E1_4_qg	HAMBI_3237	Microvirga	lotononidis	0	0	5	D	anc_evo_mix	55
5E3_2_bp	HAMBI_0006	Pseudomonas	putida	974	997	5	B	anc	27
5E3_2_bp	HAMBI_0097	Acinetobacter	johnsonii	1	1	5	B	anc	27
5E3_2_bp	HAMBI_0105	Agrobacterium	tumefaciens	7	13	5	B	anc	27
5E3_2_bp	HAMBI_0262	Brevundimonas	bullata	0	0	5	B	anc	27
5E3_2_bp	HAMBI_0403	Comamonas	testosteroni	143	114	5	B	anc	27
5E3_2_bp	HAMBI_1279	Hafnia	alvei	0	0	5	B	anc	27
5E3_2_bp	HAMBI_1287	Citrobacter	koseri	1758	1800	5	B	anc	27
5E3_2_bp	HAMBI_1292	Morganella	morganii	28	29	5	B	anc	27
5E3_2_bp	HAMBI_1299	Kluyvera	intermedia	0	0	5	B	anc	27
5E3_2_bp	HAMBI_1842	Sphingobium	yanoikuyae	543	973	5	B	anc	27
5E3_2_bp	HAMBI_1896	Sphingobacterium	spiritivorum	3332	5969	5	B	anc	27
5E3_2_bp	HAMBI_1972	Aeromonas	caviae	17404	12470	5	B	anc	27
5E3_2_bp	HAMBI_1977	Pseudomonas	chlororaphis	2560	3669	5	B	anc	27
5E3_2_bp	HAMBI_1988	Chitinophaga	sancti	0	0	5	B	anc	27
5E3_2_bp	HAMBI_2159	Trinickia	caryophylli	7	13	5	B	anc	27
5E3_2_bp	HAMBI_2160	Bordetella	avium	430	1027	5	B	anc	27
5E3_2_bp	HAMBI_2164	Cupriavidus	oxalaticus	153	219	5	B	anc	27
5E3_2_bp	HAMBI_2443	Paracoccus	denitrificans	0	0	5	B	anc	27
5E3_2_bp	HAMBI_2494	Paraburkholderia	kururiensis	0	0	5	B	anc	27
5E3_2_bp	HAMBI_2659	Stenotrophomonas	maltophilia	38	68	5	B	anc	27
5E3_2_bp	HAMBI_2792	Moraxella	canis	0	0	5	B	anc	27
5E3_2_bp	HAMBI_3031	Niabella	yanshanensis	7	25	5	B	anc	27
5E3_2_bp	HAMBI_3237	Microvirga	lotononidis	0	0	5	B	anc	27
5E3_2_qg	HAMBI_0006	Pseudomonas	putida	481	537	5	B	anc	27
5E3_2_qg	HAMBI_0097	Acinetobacter	johnsonii	0	0	5	B	anc	27
5E3_2_qg	HAMBI_0105	Agrobacterium	tumefaciens	23	45	5	B	anc	27
5E3_2_qg	HAMBI_0262	Brevundimonas	bullata	0	0	5	B	anc	27
5E3_2_qg	HAMBI_0403	Comamonas	testosteroni	29	25	5	B	anc	27
5E3_2_qg	HAMBI_1279	Hafnia	alvei	0	0	5	B	anc	27
5E3_2_qg	HAMBI_1287	Citrobacter	koseri	961	1072	5	B	anc	27
5E3_2_qg	HAMBI_1292	Morganella	morganii	19	21	5	B	anc	27
5E3_2_qg	HAMBI_1299	Kluyvera	intermedia	0	0	5	B	anc	27
5E3_2_qg	HAMBI_1842	Sphingobium	yanoikuyae	284	554	5	B	anc	27
5E3_2_qg	HAMBI_1896	Sphingobacterium	spiritivorum	1840	3592	5	B	anc	27
5E3_2_qg	HAMBI_1972	Aeromonas	caviae	14842	11588	5	B	anc	27
5E3_2_qg	HAMBI_1977	Pseudomonas	chlororaphis	1301	2032	5	B	anc	27
5E3_2_qg	HAMBI_1988	Chitinophaga	sancti	0	0	5	B	anc	27
5E3_2_qg	HAMBI_2159	Trinickia	caryophylli	3	6	5	B	anc	27
5E3_2_qg	HAMBI_2160	Bordetella	avium	173	450	5	B	anc	27
5E3_2_qg	HAMBI_2164	Cupriavidus	oxalaticus	58	91	5	B	anc	27
5E3_2_qg	HAMBI_2443	Paracoccus	denitrificans	0	0	5	B	anc	27
5E3_2_qg	HAMBI_2494	Paraburkholderia	kururiensis	0	0	5	B	anc	27
5E3_2_qg	HAMBI_2659	Stenotrophomonas	maltophilia	2	4	5	B	anc	27
5E3_2_qg	HAMBI_2792	Moraxella	canis	0	0	5	B	anc	27
5E3_2_qg	HAMBI_3031	Niabella	yanshanensis	0	0	5	B	anc	27
5E3_2_qg	HAMBI_3237	Microvirga	lotononidis	0	0	5	B	anc	27
5E3_3_bp	HAMBI_0006	Pseudomonas	putida	939	925	5	C	anc	4
5E3_3_bp	HAMBI_0097	Acinetobacter	johnsonii	4321	4256	5	C	anc	4
5E3_3_bp	HAMBI_0105	Agrobacterium	tumefaciens	12	21	5	C	anc	4
5E3_3_bp	HAMBI_0262	Brevundimonas	bullata	0	0	5	C	anc	4
5E3_3_bp	HAMBI_0403	Comamonas	testosteroni	14	11	5	C	anc	4
5E3_3_bp	HAMBI_1279	Hafnia	alvei	198	195	5	C	anc	4
5E3_3_bp	HAMBI_1287	Citrobacter	koseri	2256	2222	5	C	anc	4
5E3_3_bp	HAMBI_1292	Morganella	morganii	358	353	5	C	anc	4
5E3_3_bp	HAMBI_1299	Kluyvera	intermedia	135	116	5	C	anc	4
5E3_3_bp	HAMBI_1842	Sphingobium	yanoikuyae	545	939	5	C	anc	4
5E3_3_bp	HAMBI_1896	Sphingobacterium	spiritivorum	2518	4340	5	C	anc	4
5E3_3_bp	HAMBI_1972	Aeromonas	caviae	11897	8203	5	C	anc	4
5E3_3_bp	HAMBI_1977	Pseudomonas	chlororaphis	1828	2521	5	C	anc	4
5E3_3_bp	HAMBI_1988	Chitinophaga	sancti	3	4	5	C	anc	4
5E3_3_bp	HAMBI_2159	Trinickia	caryophylli	62	107	5	C	anc	4
5E3_3_bp	HAMBI_2160	Bordetella	avium	633	1455	5	C	anc	4
5E3_3_bp	HAMBI_2164	Cupriavidus	oxalaticus	34	47	5	C	anc	4
5E3_3_bp	HAMBI_2443	Paracoccus	denitrificans	14	32	5	C	anc	4
5E3_3_bp	HAMBI_2494	Paraburkholderia	kururiensis	0	0	5	C	anc	4
5E3_3_bp	HAMBI_2659	Stenotrophomonas	maltophilia	1	2	5	C	anc	4
5E3_3_bp	HAMBI_2792	Moraxella	canis	0	0	5	C	anc	4
5E3_3_bp	HAMBI_3031	Niabella	yanshanensis	8	28	5	C	anc	4
5E3_3_bp	HAMBI_3237	Microvirga	lotononidis	0	0	5	C	anc	4
5E3_3_qg	HAMBI_0006	Pseudomonas	putida	356	388	5	C	anc	4
5E3_3_qg	HAMBI_0097	Acinetobacter	johnsonii	2631	2870	5	C	anc	4
5E3_3_qg	HAMBI_0105	Agrobacterium	tumefaciens	50	95	5	C	anc	4
5E3_3_qg	HAMBI_0262	Brevundimonas	bullata	0	0	5	C	anc	4
5E3_3_qg	HAMBI_0403	Comamonas	testosteroni	6	5	5	C	anc	4
5E3_3_qg	HAMBI_1279	Hafnia	alvei	107	117	5	C	anc	4
5E3_3_qg	HAMBI_1287	Citrobacter	koseri	1540	1680	5	C	anc	4
5E3_3_qg	HAMBI_1292	Morganella	morganii	266	290	5	C	anc	4
5E3_3_qg	HAMBI_1299	Kluyvera	intermedia	81	77	5	C	anc	4
5E3_3_qg	HAMBI_1842	Sphingobium	yanoikuyae	311	594	5	C	anc	4
5E3_3_qg	HAMBI_1896	Sphingobacterium	spiritivorum	1210	2310	5	C	anc	4
5E3_3_qg	HAMBI_1972	Aeromonas	caviae	11615	8869	5	C	anc	4
5E3_3_qg	HAMBI_1977	Pseudomonas	chlororaphis	928	1417	5	C	anc	4
5E3_3_qg	HAMBI_1988	Chitinophaga	sancti	0	0	5	C	anc	4
5E3_3_qg	HAMBI_2159	Trinickia	caryophylli	14	27	5	C	anc	4
5E3_3_qg	HAMBI_2160	Bordetella	avium	206	524	5	C	anc	4
5E3_3_qg	HAMBI_2164	Cupriavidus	oxalaticus	5	8	5	C	anc	4
5E3_3_qg	HAMBI_2443	Paracoccus	denitrificans	27	69	5	C	anc	4
5E3_3_qg	HAMBI_2494	Paraburkholderia	kururiensis	1	2	5	C	anc	4
5E3_3_qg	HAMBI_2659	Stenotrophomonas	maltophilia	2	4	5	C	anc	4
5E3_3_qg	HAMBI_2792	Moraxella	canis	0	0	5	C	anc	4
5E3_3_qg	HAMBI_3031	Niabella	yanshanensis	4	15	5	C	anc	4
5E3_3_qg	HAMBI_3237	Microvirga	lotononidis	0	0	5	C	anc	4
5E3_4_bp	HAMBI_0006	Pseudomonas	putida	9	9	5	D	anc	55
5E3_4_bp	HAMBI_0097	Acinetobacter	johnsonii	2	2	5	D	anc	55
5E3_4_bp	HAMBI_0105	Agrobacterium	tumefaciens	0	0	5	D	anc	55
5E3_4_bp	HAMBI_0262	Brevundimonas	bullata	0	0	5	D	anc	55
5E3_4_bp	HAMBI_0403	Comamonas	testosteroni	1	1	5	D	anc	55
5E3_4_bp	HAMBI_1279	Hafnia	alvei	0	0	5	D	anc	55
5E3_4_bp	HAMBI_1287	Citrobacter	koseri	72	73	5	D	anc	55
5E3_4_bp	HAMBI_1292	Morganella	morganii	0	0	5	D	anc	55
5E3_4_bp	HAMBI_1299	Kluyvera	intermedia	0	0	5	D	anc	55
5E3_4_bp	HAMBI_1842	Sphingobium	yanoikuyae	0	0	5	D	anc	55
5E3_4_bp	HAMBI_1896	Sphingobacterium	spiritivorum	5	9	5	D	anc	55
5E3_4_bp	HAMBI_1972	Aeromonas	caviae	44	31	5	D	anc	55
5E3_4_bp	HAMBI_1977	Pseudomonas	chlororaphis	8	11	5	D	anc	55
5E3_4_bp	HAMBI_1988	Chitinophaga	sancti	0	0	5	D	anc	55
5E3_4_bp	HAMBI_2159	Trinickia	caryophylli	0	0	5	D	anc	55
5E3_4_bp	HAMBI_2160	Bordetella	avium	0	0	5	D	anc	55
5E3_4_bp	HAMBI_2164	Cupriavidus	oxalaticus	0	0	5	D	anc	55
5E3_4_bp	HAMBI_2443	Paracoccus	denitrificans	0	0	5	D	anc	55
5E3_4_bp	HAMBI_2494	Paraburkholderia	kururiensis	0	0	5	D	anc	55
5E3_4_bp	HAMBI_2659	Stenotrophomonas	maltophilia	5	9	5	D	anc	55
5E3_4_bp	HAMBI_2792	Moraxella	canis	0	0	5	D	anc	55
5E3_4_bp	HAMBI_3031	Niabella	yanshanensis	0	0	5	D	anc	55
5E3_4_bp	HAMBI_3237	Microvirga	lotononidis	0	0	5	D	anc	55
5E3_4_qg	HAMBI_0006	Pseudomonas	putida	599	659	5	D	anc	55
5E3_4_qg	HAMBI_0097	Acinetobacter	johnsonii	4	4	5	D	anc	55
5E3_4_qg	HAMBI_0105	Agrobacterium	tumefaciens	211	406	5	D	anc	55
5E3_4_qg	HAMBI_0262	Brevundimonas	bullata	0	0	5	D	anc	55
5E3_4_qg	HAMBI_0403	Comamonas	testosteroni	3209	2746	5	D	anc	55
5E3_4_qg	HAMBI_1279	Hafnia	alvei	16	18	5	D	anc	55
5E3_4_qg	HAMBI_1287	Citrobacter	koseri	1064	1171	5	D	anc	55
5E3_4_qg	HAMBI_1292	Morganella	morganii	20	22	5	D	anc	55
5E3_4_qg	HAMBI_1299	Kluyvera	intermedia	19	18	5	D	anc	55
5E3_4_qg	HAMBI_1842	Sphingobium	yanoikuyae	405	780	5	D	anc	55
5E3_4_qg	HAMBI_1896	Sphingobacterium	spiritivorum	2428	4676	5	D	anc	55
5E3_4_qg	HAMBI_1972	Aeromonas	caviae	16101	12402	5	D	anc	55
5E3_4_qg	HAMBI_1977	Pseudomonas	chlororaphis	2001	3083	5	D	anc	55
5E3_4_qg	HAMBI_1988	Chitinophaga	sancti	0	0	5	D	anc	55
5E3_4_qg	HAMBI_2159	Trinickia	caryophylli	0	0	5	D	anc	55
5E3_4_qg	HAMBI_2160	Bordetella	avium	46	118	5	D	anc	55
5E3_4_qg	HAMBI_2164	Cupriavidus	oxalaticus	15	23	5	D	anc	55
5E3_4_qg	HAMBI_2443	Paracoccus	denitrificans	0	0	5	D	anc	55
5E3_4_qg	HAMBI_2494	Paraburkholderia	kururiensis	0	0	5	D	anc	55
5E3_4_qg	HAMBI_2659	Stenotrophomonas	maltophilia	0	0	5	D	anc	55
5E3_4_qg	HAMBI_2792	Moraxella	canis	0	0	5	D	anc	55
5E3_4_qg	HAMBI_3031	Niabella	yanshanensis	4	15	5	D	anc	55
5E3_4_qg	HAMBI_3237	Microvirga	lotononidis	0	0	5	D	anc	55
CE2_6_bp	HAMBI_0006	Pseudomonas	putida	92	90	0	F	evo	27
CE2_6_bp	HAMBI_0097	Acinetobacter	johnsonii	2764	2703	0	F	evo	27
CE2_6_bp	HAMBI_0105	Agrobacterium	tumefaciens	24	41	0	F	evo	27
CE2_6_bp	HAMBI_0262	Brevundimonas	bullata	0	0	0	F	evo	27
CE2_6_bp	HAMBI_0403	Comamonas	testosteroni	1743	1326	0	F	evo	27
CE2_6_bp	HAMBI_1279	Hafnia	alvei	0	0	0	F	evo	27
CE2_6_bp	HAMBI_1287	Citrobacter	koseri	2331	2280	0	F	evo	27
CE2_6_bp	HAMBI_1292	Morganella	morganii	83	81	0	F	evo	27
CE2_6_bp	HAMBI_1299	Kluyvera	intermedia	0	0	0	F	evo	27
CE2_6_bp	HAMBI_1842	Sphingobium	yanoikuyae	249	426	0	F	evo	27
CE2_6_bp	HAMBI_1896	Sphingobacterium	spiritivorum	2851	4880	0	F	evo	27
CE2_6_bp	HAMBI_1972	Aeromonas	caviae	7299	4997	0	F	evo	27
CE2_6_bp	HAMBI_1977	Pseudomonas	chlororaphis	867	1187	0	F	evo	27
CE2_6_bp	HAMBI_1988	Chitinophaga	sancti	0	0	0	F	evo	27
CE2_6_bp	HAMBI_2159	Trinickia	caryophylli	8	14	0	F	evo	27
CE2_6_bp	HAMBI_2160	Bordetella	avium	204	466	0	F	evo	27
CE2_6_bp	HAMBI_2164	Cupriavidus	oxalaticus	29	40	0	F	evo	27
CE2_6_bp	HAMBI_2443	Paracoccus	denitrificans	0	0	0	F	evo	27
CE2_6_bp	HAMBI_2494	Paraburkholderia	kururiensis	0	0	0	F	evo	27
CE2_6_bp	HAMBI_2659	Stenotrophomonas	maltophilia	18	31	0	F	evo	27
CE2_6_bp	HAMBI_2792	Moraxella	canis	0	0	0	F	evo	27
CE2_6_bp	HAMBI_3031	Niabella	yanshanensis	0	0	0	F	evo	27
CE2_6_bp	HAMBI_3237	Microvirga	lotononidis	0	0	0	F	evo	27
CE2_6_qg	HAMBI_0006	Pseudomonas	putida	43	46	0	F	evo	27
CE2_6_qg	HAMBI_0097	Acinetobacter	johnsonii	5551	5902	0	F	evo	27
CE2_6_qg	HAMBI_0105	Agrobacterium	tumefaciens	5	9	0	F	evo	27
CE2_6_qg	HAMBI_0262	Brevundimonas	bullata	0	0	0	F	evo	27
CE2_6_qg	HAMBI_0403	Comamonas	testosteroni	1072	886	0	F	evo	27
CE2_6_qg	HAMBI_1279	Hafnia	alvei	0	0	0	F	evo	27
CE2_6_qg	HAMBI_1287	Citrobacter	koseri	2553	2714	0	F	evo	27
CE2_6_qg	HAMBI_1292	Morganella	morganii	157	167	0	F	evo	27
CE2_6_qg	HAMBI_1299	Kluyvera	intermedia	0	0	0	F	evo	27
CE2_6_qg	HAMBI_1842	Sphingobium	yanoikuyae	152	283	0	F	evo	27
CE2_6_qg	HAMBI_1896	Sphingobacterium	spiritivorum	2253	4192	0	F	evo	27
CE2_6_qg	HAMBI_1972	Aeromonas	caviae	10966	8161	0	F	evo	27
CE2_6_qg	HAMBI_1977	Pseudomonas	chlororaphis	462	688	0	F	evo	27
CE2_6_qg	HAMBI_1988	Chitinophaga	sancti	0	0	0	F	evo	27
CE2_6_qg	HAMBI_2159	Trinickia	caryophylli	6	11	0	F	evo	27
CE2_6_qg	HAMBI_2160	Bordetella	avium	91	226	0	F	evo	27
CE2_6_qg	HAMBI_2164	Cupriavidus	oxalaticus	12	18	0	F	evo	27
CE2_6_qg	HAMBI_2443	Paracoccus	denitrificans	12	30	0	F	evo	27
CE2_6_qg	HAMBI_2494	Paraburkholderia	kururiensis	0	0	0	F	evo	27
CE2_6_qg	HAMBI_2659	Stenotrophomonas	maltophilia	3	6	0	F	evo	27
CE2_6_qg	HAMBI_2792	Moraxella	canis	0	0	0	F	evo	27
CE2_6_qg	HAMBI_3031	Niabella	yanshanensis	0	0	0	F	evo	27
CE2_6_qg	HAMBI_3237	Microvirga	lotononidis	0	0	0	F	evo	27
CE3_6_bp	HAMBI_0006	Pseudomonas	putida	2656	2859	0	F	anc	55
CE3_6_bp	HAMBI_0097	Acinetobacter	johnsonii	0	0	0	F	anc	55
CE3_6_bp	HAMBI_0105	Agrobacterium	tumefaciens	345	650	0	F	anc	55
CE3_6_bp	HAMBI_0262	Brevundimonas	bullata	0	0	0	F	anc	55
CE3_6_bp	HAMBI_0403	Comamonas	testosteroni	12	10	0	F	anc	55
CE3_6_bp	HAMBI_1279	Hafnia	alvei	7	8	0	F	anc	55
CE3_6_bp	HAMBI_1287	Citrobacter	koseri	9	10	0	F	anc	55
CE3_6_bp	HAMBI_1292	Morganella	morganii	28	30	0	F	anc	55
CE3_6_bp	HAMBI_1299	Kluyvera	intermedia	7	7	0	F	anc	55
CE3_6_bp	HAMBI_1842	Sphingobium	yanoikuyae	57	107	0	F	anc	55
CE3_6_bp	HAMBI_1896	Sphingobacterium	spiritivorum	1796	3383	0	F	anc	55
CE3_6_bp	HAMBI_1972	Aeromonas	caviae	11469	8642	0	F	anc	55
CE3_6_bp	HAMBI_1977	Pseudomonas	chlororaphis	621	936	0	F	anc	55
CE3_6_bp	HAMBI_1988	Chitinophaga	sancti	0	0	0	F	anc	55
CE3_6_bp	HAMBI_2159	Trinickia	caryophylli	3	6	0	F	anc	55
CE3_6_bp	HAMBI_2160	Bordetella	avium	86	216	0	F	anc	55
CE3_6_bp	HAMBI_2164	Cupriavidus	oxalaticus	0	0	0	F	anc	55
CE3_6_bp	HAMBI_2443	Paracoccus	denitrificans	12	30	0	F	anc	55
CE3_6_bp	HAMBI_2494	Paraburkholderia	kururiensis	6	11	0	F	anc	55
CE3_6_bp	HAMBI_2659	Stenotrophomonas	maltophilia	95	179	0	F	anc	55
CE3_6_bp	HAMBI_2792	Moraxella	canis	0	0	0	F	anc	55
CE3_6_bp	HAMBI_3031	Niabella	yanshanensis	44	166	0	F	anc	55
CE3_6_bp	HAMBI_3237	Microvirga	lotononidis	16	20	0	F	anc	55
CE3_6_qg	HAMBI_0006	Pseudomonas	putida	208	227	0	F	anc	55
CE3_6_qg	HAMBI_0097	Acinetobacter	johnsonii	8808	9629	0	F	anc	55
CE3_6_qg	HAMBI_0105	Agrobacterium	tumefaciens	190	363	0	F	anc	55
CE3_6_qg	HAMBI_0262	Brevundimonas	bullata	0	0	0	F	anc	55
CE3_6_qg	HAMBI_0403	Comamonas	testosteroni	290	247	0	F	anc	55
CE3_6_qg	HAMBI_1279	Hafnia	alvei	1	1	0	F	anc	55
CE3_6_qg	HAMBI_1287	Citrobacter	koseri	1077	1177	0	F	anc	55
CE3_6_qg	HAMBI_1292	Morganella	morganii	17	19	0	F	anc	55
CE3_6_qg	HAMBI_1299	Kluyvera	intermedia	1	1	0	F	anc	55
CE3_6_qg	HAMBI_1842	Sphingobium	yanoikuyae	577	1104	0	F	anc	55
CE3_6_qg	HAMBI_1896	Sphingobacterium	spiritivorum	1365	2611	0	F	anc	55
CE3_6_qg	HAMBI_1972	Aeromonas	caviae	13684	10472	0	F	anc	55
CE3_6_qg	HAMBI_1977	Pseudomonas	chlororaphis	415	635	0	F	anc	55
CE3_6_qg	HAMBI_1988	Chitinophaga	sancti	0	0	0	F	anc	55
CE3_6_qg	HAMBI_2159	Trinickia	caryophylli	5	10	0	F	anc	55
CE3_6_qg	HAMBI_2160	Bordetella	avium	65	166	0	F	anc	55
CE3_6_qg	HAMBI_2164	Cupriavidus	oxalaticus	0	0	0	F	anc	55
CE3_6_qg	HAMBI_2443	Paracoccus	denitrificans	20	51	0	F	anc	55
CE3_6_qg	HAMBI_2494	Paraburkholderia	kururiensis	0	0	0	F	anc	55
CE3_6_qg	HAMBI_2659	Stenotrophomonas	maltophilia	2	4	0	F	anc	55
CE3_6_qg	HAMBI_2792	Moraxella	canis	0	0	0	F	anc	55
CE3_6_qg	HAMBI_3031	Niabella	yanshanensis	3	11	0	F	anc	55
CE3_6_qg	HAMBI_3237	Microvirga	lotononidis	0	0	0	F	anc	55
