measure_env	evolution_env	replicate	transfer	ciliate_per_ml
bact_pred	anc	A	1	6355
bact_pred	anc	B	1	3766
bact_pred	anc	C	1	3060
bact_pred	anc	D	1	5414
bact_pred	anc	E	1	3295
bact_pred	anc	F	1	6355
bact_pred	bact	A	1	8709
bact_pred	bact	B	1	5884
bact_pred	bact	C	1	13417
bact_pred	bact	D	1	8238
bact_pred	bact	E	1	13417
bact_pred	bact	F	1	5884
bact_pred	bact_strep	A	1	8474
bact_pred	bact_strep	B	1	6826
bact_pred	bact_strep	C	1	13181
bact_pred	bact_strep	D	1	6591
bact_pred	bact_strep	E	1	7532
bact_pred	bact_strep	F	1	13181
bact_pred	bact_pred	A	1	7532
bact_pred	bact_pred	B	1	8238
bact_pred	bact_pred	C	1	9886
bact_pred	bact_pred	D	1	6355
bact_pred	bact_pred	E	1	6591
bact_pred	bact_pred	F	1	11769
bact_pred	bact_pred_strep	A	1	6355
bact_pred	bact_pred_strep	B	1	5649
bact_pred	bact_pred_strep	C	1	5649
bact_pred	bact_pred_strep	D	1	5649
bact_pred	bact_pred_strep	E	1	6355
bact_pred	bact_pred_strep	F	1	4237
bact_pred_strep	anc	A	1	3295
bact_pred_strep	anc	B	1	6355
bact_pred_strep	anc	C	1	6120
bact_pred_strep	anc	D	1	4001
bact_pred_strep	anc	E	1	4943
bact_pred_strep	anc	F	1	4237
bact_pred_strep	bact	A	1	7532
bact_pred_strep	bact	B	1	9651
bact_pred_strep	bact	C	1	9180
bact_pred_strep	bact	D	1	6355
bact_pred_strep	bact	E	1	9886
bact_pred_strep	bact	F	1	7297
bact_pred_strep	bact_strep	A	1	7532
bact_pred_strep	bact_strep	B	1	8003
bact_pred_strep	bact_strep	C	1	10592
bact_pred_strep	bact_strep	D	1	5178
bact_pred_strep	bact_strep	E	1	7532
bact_pred_strep	bact_strep	F	1	9651
bact_pred_strep	bact_pred	A	1	6826
bact_pred_strep	bact_pred	B	1	9415
bact_pred_strep	bact_pred	C	1	8944
bact_pred_strep	bact_pred	D	1	9886
bact_pred_strep	bact_pred	E	1	6826
bact_pred_strep	bact_pred	F	1	9180
bact_pred_strep	bact_pred_strep	A	1	5414
bact_pred_strep	bact_pred_strep	B	1	5178
bact_pred_strep	bact_pred_strep	C	1	7532
bact_pred_strep	bact_pred_strep	D	1	7297
bact_pred_strep	bact_pred_strep	E	1	5884
bact_pred_strep	bact_pred_strep	F	1	6120
bact_pred	anc	A	2	3766
bact_pred	anc	B	2	6120
bact_pred	anc	C	2	13417
bact_pred	anc	D	2	4472
bact_pred	anc	E	2	4001
bact_pred	anc	F	2	5884
bact_pred	bact	A	2	3295
bact_pred	bact	B	2	3060
bact_pred	bact	C	2	4472
bact_pred	bact	D	2	4237
bact_pred	bact	E	2	3531
bact_pred	bact	F	2	8709
bact_pred	bact_strep	A	2	4001
bact_pred	bact_strep	B	2	5178
bact_pred	bact_strep	C	2	7768
bact_pred	bact_strep	D	2	3060
bact_pred	bact_strep	E	2	7768
bact_pred	bact_strep	F	2	18360
bact_pred	bact_pred	A	2	2825
bact_pred	bact_pred	B	2	1412
bact_pred	bact_pred	C	2	4237
bact_pred	bact_pred	D	2	4943
bact_pred	bact_pred	E	2	2589
bact_pred	bact_pred	F	2	6591
bact_pred	bact_pred_strep	A	2	9886
bact_pred	bact_pred_strep	B	2	3295
bact_pred	bact_pred_strep	C	2	1648
bact_pred	bact_pred_strep	D	2	3295
bact_pred	bact_pred_strep	E	2	6826
bact_pred	bact_pred_strep	F	2	8238
bact_pred_strep	anc	A	2	3060
bact_pred_strep	anc	B	2	8709
bact_pred_strep	anc	C	2	6120
bact_pred_strep	anc	D	2	5884
bact_pred_strep	anc	E	2	4001
bact_pred_strep	anc	F	2	3531
bact_pred_strep	bact	A	2	6591
bact_pred_strep	bact	B	2	7532
bact_pred_strep	bact	C	2	5884
bact_pred_strep	bact	D	2	6826
bact_pred_strep	bact	E	2	9415
bact_pred_strep	bact	F	2	4001
bact_pred_strep	bact_strep	A	2	4708
bact_pred_strep	bact_strep	B	2	7532
bact_pred_strep	bact_strep	C	2	5414
bact_pred_strep	bact_strep	D	2	4708
bact_pred_strep	bact_strep	E	2	4708
bact_pred_strep	bact_strep	F	2	8003
bact_pred_strep	bact_pred	A	2	5414
bact_pred_strep	bact_pred	B	2	3531
bact_pred_strep	bact_pred	C	2	10121
bact_pred_strep	bact_pred	D	2	5884
bact_pred_strep	bact_pred	E	2	4237
bact_pred_strep	bact_pred	F	2	4237
bact_pred_strep	bact_pred_strep	A	2	4943
bact_pred_strep	bact_pred_strep	B	2	2589
bact_pred_strep	bact_pred_strep	C	2	2589
bact_pred_strep	bact_pred_strep	D	2	7768
bact_pred_strep	bact_pred_strep	E	2	2118
bact_pred_strep	bact_pred_strep	F	2	4472
bact_pred	anc	A	3	3923
bact_pred	anc	B	3	628
bact_pred	anc	C	3	2511
bact_pred	anc	D	3	1883
bact_pred	anc	E	3	1569
bact_pred	anc	F	3	1883
bact_pred	bact	A	3	3295
bact_pred	bact	B	3	2511
bact_pred	bact	C	3	1726
bact_pred	bact	D	3	1883
bact_pred	bact	E	3	2354
bact_pred	bact	F	3	2197
bact_pred	bact_strep	A	3	3295
bact_pred	bact_strep	B	3	5492
bact_pred	bact_strep	C	3	2354
bact_pred	bact_strep	D	3	2668
bact_pred	bact_strep	E	3	2511
bact_pred	bact_strep	F	3	3452
bact_pred	bact_pred	A	3	1569
bact_pred	bact_pred	B	3	2197
bact_pred	bact_pred	C	3	1098
bact_pred	bact_pred	D	3	1255
bact_pred	bact_pred	E	3	471
bact_pred	bact_pred	F	3	1883
bact_pred	bact_pred_strep	A	3	2825
bact_pred	bact_pred_strep	B	3	2040
bact_pred	bact_pred_strep	C	3	3295
bact_pred	bact_pred_strep	D	3	1726
bact_pred	bact_pred_strep	E	3	1569
bact_pred	bact_pred_strep	F	3	2668
bact_pred_strep	anc	A	3	1255
bact_pred_strep	anc	B	3	5806
bact_pred_strep	anc	C	3	10827
bact_pred_strep	anc	D	3	8631
bact_pred_strep	anc	E	3	7061
bact_pred_strep	anc	F	3	4237
bact_pred_strep	bact	A	3	7532
bact_pred_strep	bact	B	3	13966
bact_pred_strep	bact	C	3	9572
bact_pred_strep	bact	D	3	314
bact_pred_strep	bact	E	3	4708
bact_pred_strep	bact	F	3	12083
bact_pred_strep	bact_strep	A	3	3452
bact_pred_strep	bact_strep	B	3	6904
bact_pred_strep	bact_strep	C	3	10043
bact_pred_strep	bact_strep	D	3	3452
bact_pred_strep	bact_strep	E	3	7218
bact_pred_strep	bact_strep	F	3	9415
bact_pred_strep	bact_pred	A	3	14280
bact_pred_strep	bact_pred	B	3	6904
bact_pred_strep	bact_pred	C	3	3923
bact_pred_strep	bact_pred	D	3	5806
bact_pred_strep	bact_pred	E	3	8474
bact_pred_strep	bact_pred	F	3	3766
bact_pred_strep	bact_pred_strep	A	3	3609
bact_pred_strep	bact_pred_strep	B	3	1255
bact_pred_strep	bact_pred_strep	C	3	6591
bact_pred_strep	bact_pred_strep	D	3	1883
bact_pred_strep	bact_pred_strep	E	3	2981
bact_pred_strep	bact_pred_strep	F	3	2354
bact_pred	anc	A	4	29030
bact_pred	anc	B	4	25892
bact_pred	anc	C	4	18046
bact_pred	anc	D	4	1569
bact_pred	anc	E	4	20400
bact_pred	anc	F	4	63160
bact_pred	bact	A	4	61591
bact_pred	bact	B	4	50214
bact_pred	bact	C	4	65122
bact_pred	bact	D	4	56491
bact_pred	bact	E	4	54530
bact_pred	bact	F	4	45114
bact_pred	bact_strep	A	4	18046
bact_pred	bact_strep	B	4	34915
bact_pred	bact_strep	C	4	46291
bact_pred	bact_strep	D	4	28246
bact_pred	bact_strep	E	4	32561
bact_pred	bact_strep	F	4	20400
bact_pred	bact_pred	A	4	29030
bact_pred	bact_pred	B	4	29030
bact_pred	bact_pred	C	4	21576
bact_pred	bact_pred	D	4	12554
bact_pred	bact_pred	E	4	14907
bact_pred	bact_pred	F	4	12946
bact_pred	bact_pred_strep	A	4	11377
bact_pred	bact_pred_strep	B	4	44330
bact_pred	bact_pred_strep	C	4	34915
bact_pred	bact_pred_strep	D	4	30207
bact_pred	bact_pred_strep	E	4	29422
bact_pred	bact_pred_strep	F	4	34522
bact_pred_strep	anc	A	4	31776
bact_pred_strep	anc	B	4	32168
bact_pred_strep	anc	C	4	36484
bact_pred_strep	anc	D	4	23538
bact_pred_strep	anc	E	4	26676
bact_pred_strep	anc	F	4	392
bact_pred_strep	bact	A	4	76498
bact_pred_strep	bact	B	4	4315
bact_pred_strep	bact	C	4	1569
bact_pred_strep	bact	D	4	4708
bact_pred_strep	bact	E	4	46684
bact_pred_strep	bact	F	4	35699
bact_pred_strep	bact_strep	A	4	49037
bact_pred_strep	bact_strep	B	4	59629
bact_pred_strep	bact_strep	C	4	69045
bact_pred_strep	bact_strep	D	4	47860
bact_pred_strep	bact_strep	E	4	40799
bact_pred_strep	bact_strep	F	4	64337
bact_pred_strep	bact_pred	A	4	46291
bact_pred_strep	bact_pred	B	4	43937
bact_pred_strep	bact_pred	C	4	33738
bact_pred_strep	bact_pred	D	4	39230
bact_pred_strep	bact_pred	E	4	31776
bact_pred_strep	bact_pred	F	4	1569
bact_pred_strep	bact_pred_strep	A	4	18046
bact_pred_strep	bact_pred_strep	B	4	12946
bact_pred_strep	bact_pred_strep	C	4	42761
bact_pred_strep	bact_pred_strep	D	4	17653
bact_pred_strep	bact_pred_strep	E	4	16869
bact_pred_strep	bact_pred_strep	F	4	21576
bact_pred	anc	A	5	13730
bact_pred	anc	B	5	25892
bact_pred	anc	C	5	21969
bact_pred	anc	D	5	27461
bact_pred	anc	E	5	16477
bact_pred	anc	F	5	7846
bact_pred	bact	A	5	24715
bact_pred	bact	B	5	17261
bact_pred	bact	C	5	11769
bact_pred	bact	D	5	5884
bact_pred	bact	E	5	23930
bact_pred	bact	F	5	17653
bact_pred	bact_strep	A	5	24323
bact_pred	bact_strep	B	5	31776
bact_pred	bact_strep	C	5	24715
bact_pred	bact_strep	D	5	24715
bact_pred	bact_strep	E	5	19615
bact_pred	bact_strep	F	5	32168
bact_pred	bact_pred	A	5	9023
bact_pred	bact_pred	B	5	3531
bact_pred	bact_pred	C	5	6669
bact_pred	bact_pred	D	5	7061
bact_pred	bact_pred	E	5	9807
bact_pred	bact_pred	F	5	21969
bact_pred	bact_pred_strep	A	5	29815
bact_pred	bact_pred_strep	B	5	17261
bact_pred	bact_pred_strep	C	5	35307
bact_pred	bact_pred_strep	D	5	19615
bact_pred	bact_pred_strep	E	5	18046
bact_pred	bact_pred_strep	F	5	22361
bact_pred_strep	anc	A	5	27069
bact_pred_strep	anc	B	5	26284
bact_pred_strep	anc	C	5	27461
bact_pred_strep	anc	D	5	18438
bact_pred_strep	anc	E	5	32953
bact_pred_strep	anc	F	5	0
bact_pred_strep	bact	A	5	40407
bact_pred_strep	bact	B	5	42761
bact_pred_strep	bact	C	5	43545
bact_pred_strep	bact	D	5	24715
bact_pred_strep	bact	E	5	5492
bact_pred_strep	bact	F	5	31384
bact_pred_strep	bact_strep	A	5	27069
bact_pred_strep	bact_strep	B	5	41191
bact_pred_strep	bact_strep	C	5	61199
bact_pred_strep	bact_strep	D	5	32168
bact_pred_strep	bact_strep	E	5	48253
bact_pred_strep	bact_strep	F	5	46291
bact_pred_strep	bact_pred	A	5	28638
bact_pred_strep	bact_pred	B	5	31776
bact_pred_strep	bact_pred	C	5	26676
bact_pred_strep	bact_pred	D	5	36876
bact_pred_strep	bact_pred	E	5	36484
bact_pred_strep	bact_pred	F	5	21184
bact_pred_strep	bact_pred_strep	A	5	24715
bact_pred_strep	bact_pred_strep	B	5	18046
bact_pred_strep	bact_pred_strep	C	5	24715
bact_pred_strep	bact_pred_strep	D	5	9023
bact_pred_strep	bact_pred_strep	E	5	25107
bact_pred_strep	bact_pred_strep	F	5	20792
bact_pred	anc	A	6	20792
bact_pred	anc	B	6	14907
bact_pred	anc	C	6	21184
bact_pred	anc	D	6	12946
bact_pred	anc	E	6	10592
bact_pred	anc	F	6	21969
bact_pred	bact	A	6	25107
bact_pred	bact	B	6	17784
bact_pred	bact	C	6	26284
bact_pred	bact	D	6	17653
bact_pred	bact	E	6	22361
bact_pred	bact	F	6	21969
bact_pred	bact_strep	A	6	10200
bact_pred	bact_strep	B	6	27853
bact_pred	bact_strep	C	6	16084
bact_pred	bact_strep	D	6	12161
bact_pred	bact_strep	E	6	10984
bact_pred	bact_strep	F	6	18046
bact_pred	bact_pred	A	6	12554
bact_pred	bact_pred	B	6	4315
bact_pred	bact_pred	C	6	12554
bact_pred	bact_pred	D	6	8238
bact_pred	bact_pred	E	6	8238
bact_pred	bact_pred	F	6	15692
bact_pred	bact_pred_strep	A	6	15692
bact_pred	bact_pred_strep	B	6	20007
bact_pred	bact_pred_strep	C	6	26676
bact_pred	bact_pred_strep	D	6	16869
bact_pred	bact_pred_strep	E	6	18830
bact_pred	bact_pred_strep	F	6	20400
bact_pred_strep	anc	A	6	785
bact_pred_strep	anc	B	6	40407
bact_pred_strep	anc	C	6	41191
bact_pred_strep	anc	D	6	16084
bact_pred_strep	anc	E	6	34130
bact_pred_strep	anc	F	6	0
bact_pred_strep	bact	A	6	25892
bact_pred_strep	bact	B	6	9023
bact_pred_strep	bact	C	6	18438
bact_pred_strep	bact	D	6	21184
bact_pred_strep	bact	E	6	392
bact_pred_strep	bact	F	6	14907
bact_pred_strep	bact_strep	A	6	26284
bact_pred_strep	bact_strep	B	6	33738
bact_pred_strep	bact_strep	C	6	32561
bact_pred_strep	bact_strep	D	6	20400
bact_pred_strep	bact_strep	E	6	44722
bact_pred_strep	bact_strep	F	6	35699
bact_pred_strep	bact_pred	A	6	12554
bact_pred_strep	bact_pred	B	6	27069
bact_pred_strep	bact_pred	C	6	21969
bact_pred_strep	bact_pred	D	6	28638
bact_pred_strep	bact_pred	E	6	27461
bact_pred_strep	bact_pred	F	6	1569
bact_pred_strep	bact_pred_strep	A	6	35307
bact_pred_strep	bact_pred_strep	B	6	13730
bact_pred_strep	bact_pred_strep	C	6	24715
bact_pred_strep	bact_pred_strep	D	6	10592
bact_pred_strep	bact_pred_strep	E	6	14123
bact_pred_strep	bact_pred_strep	F	6	9415
bact_pred	anc	A	7	9415
bact_pred	anc	B	7	27069
bact_pred	anc	C	7	25499
bact_pred	anc	D	7	20400
bact_pred	anc	E	7	20792
bact_pred	anc	F	7	21184
bact_pred	bact	A	7	20400
bact_pred	bact	B	7	20007
bact_pred	bact	C	7	14123
bact_pred	bact	D	7	9415
bact_pred	bact	E	7	26676
bact_pred	bact	F	7	7454
bact_pred	bact_strep	A	7	22753
bact_pred	bact_strep	B	7	24715
bact_pred	bact_strep	C	7	31384
bact_pred	bact_strep	D	7	29030
bact_pred	bact_strep	E	7	23538
bact_pred	bact_strep	F	7	22753
bact_pred	bact_pred	A	7	9807
bact_pred	bact_pred	B	7	18046
bact_pred	bact_pred	C	7	11377
bact_pred	bact_pred	D	7	13338
bact_pred	bact_pred	E	7	14123
bact_pred	bact_pred	F	7	13338
bact_pred	bact_pred_strep	A	7	27461
bact_pred	bact_pred_strep	B	7	19223
bact_pred	bact_pred_strep	C	7	19223
bact_pred	bact_pred_strep	D	7	13338
bact_pred	bact_pred_strep	E	7	18046
bact_pred	bact_pred_strep	F	7	14907
bact_pred_strep	anc	A	7	35699
bact_pred_strep	anc	B	7	33345
bact_pred_strep	anc	C	7	5492
bact_pred_strep	anc	D	7	22753
bact_pred_strep	anc	E	7	28638
bact_pred_strep	anc	F	7	0
bact_pred_strep	bact	A	7	39230
bact_pred_strep	bact	B	7	30207
bact_pred_strep	bact	C	7	31776
bact_pred_strep	bact	D	7	22753
bact_pred_strep	bact	E	7	37661
bact_pred_strep	bact	F	7	24715
bact_pred_strep	bact_strep	A	7	33738
bact_pred_strep	bact_strep	B	7	36091
bact_pred_strep	bact_strep	C	7	19223
bact_pred_strep	bact_strep	D	7	19223
bact_pred_strep	bact_strep	E	7	41976
bact_pred_strep	bact_strep	F	7	23538
bact_pred_strep	bact_pred	A	7	9023
bact_pred_strep	bact_pred	B	7	27069
bact_pred_strep	bact_pred	C	7	20007
bact_pred_strep	bact_pred	D	7	28638
bact_pred_strep	bact_pred	E	7	24323
bact_pred_strep	bact_pred	F	7	13338
bact_pred_strep	bact_pred_strep	A	7	30599
bact_pred_strep	bact_pred_strep	B	7	16084
bact_pred_strep	bact_pred_strep	C	7	26284
bact_pred_strep	bact_pred_strep	D	7	21184
bact_pred_strep	bact_pred_strep	E	7	16477
bact_pred_strep	bact_pred_strep	F	7	14907
bact_pred	anc	A	8	16477
bact_pred	anc	B	8	13338
bact_pred	anc	C	8	8238
bact_pred	anc	D	8	10200
bact_pred	anc	E	8	14907
bact_pred	anc	F	8	19223
bact_pred	bact	A	8	23146
bact_pred	bact	B	8	25892
bact_pred	bact	C	8	23146
bact_pred	bact	D	8	16084
bact_pred	bact	E	8	15300
bact_pred	bact	F	8	18438
bact_pred	bact_strep	A	8	8238
bact_pred	bact_strep	B	8	13730
bact_pred	bact_strep	C	8	15692
bact_pred	bact_strep	D	8	12946
bact_pred	bact_strep	E	8	7846
bact_pred	bact_strep	F	8	9807
bact_pred	bact_pred	A	8	5492
bact_pred	bact_pred	B	8	5884
bact_pred	bact_pred	C	8	5100
bact_pred	bact_pred	D	8	6277
bact_pred	bact_pred	E	8	7454
bact_pred	bact_pred	F	8	8238
bact_pred	bact_pred_strep	A	8	15300
bact_pred	bact_pred_strep	B	8	9415
bact_pred	bact_pred_strep	C	8	18830
bact_pred	bact_pred_strep	D	8	18046
bact_pred	bact_pred_strep	E	8	13730
bact_pred	bact_pred_strep	F	8	12946
bact_pred_strep	anc	A	8	34130
bact_pred_strep	anc	B	8	28246
bact_pred_strep	anc	C	8	23146
bact_pred_strep	anc	D	8	17261
bact_pred_strep	anc	E	8	16084
bact_pred_strep	anc	F	8	0
bact_pred_strep	bact	A	8	34130
bact_pred_strep	bact	B	8	34130
bact_pred_strep	bact	C	8	18046
bact_pred_strep	bact	D	8	21969
bact_pred_strep	bact	E	8	19615
bact_pred_strep	bact	F	8	25107
bact_pred_strep	bact_strep	A	8	26676
bact_pred_strep	bact_strep	B	8	32168
bact_pred_strep	bact_strep	C	8	27853
bact_pred_strep	bact_strep	D	8	16084
bact_pred_strep	bact_strep	E	8	30207
bact_pred_strep	bact_strep	F	8	21184
bact_pred_strep	bact_pred	A	8	8631
bact_pred_strep	bact_pred	B	8	24715
bact_pred_strep	bact_pred	C	8	21969
bact_pred_strep	bact_pred	D	8	20792
bact_pred_strep	bact_pred	E	8	34915
bact_pred_strep	bact_pred	F	8	7061
bact_pred_strep	bact_pred_strep	A	8	19223
bact_pred_strep	bact_pred_strep	B	8	14515
bact_pred_strep	bact_pred_strep	C	8	21969
bact_pred_strep	bact_pred_strep	D	8	9807
bact_pred_strep	bact_pred_strep	E	8	10984
bact_pred_strep	bact_pred_strep	F	8	20400
bact_pred	anc	A	9	20400
bact_pred	anc	B	9	44722
bact_pred	anc	C	9	30599
bact_pred	anc	D	9	26284
bact_pred	anc	E	9	26676
bact_pred	anc	F	9	34522
bact_pred	bact	A	9	19223
bact_pred	bact	B	9	23538
bact_pred	bact	C	9	16084
bact_pred	bact	D	9	27853
bact_pred	bact	E	9	15300
bact_pred	bact	F	9	26676
bact_pred	bact_strep	A	9	11769
bact_pred	bact_strep	B	9	30992
bact_pred	bact_strep	C	9	22361
bact_pred	bact_strep	D	9	27853
bact_pred	bact_strep	E	9	22361
bact_pred	bact_strep	F	9	16477
bact_pred	bact_pred	A	9	9415
bact_pred	bact_pred	B	9	5884
bact_pred	bact_pred	C	9	12161
bact_pred	bact_pred	D	9	7061
bact_pred	bact_pred	E	9	85129
bact_pred	bact_pred	F	9	12161
bact_pred	bact_pred_strep	A	9	26284
bact_pred	bact_pred_strep	B	9	20792
bact_pred	bact_pred_strep	C	9	16869
bact_pred	bact_pred_strep	D	9	14907
bact_pred	bact_pred_strep	E	9	20007
bact_pred	bact_pred_strep	F	9	27069
bact_pred_strep	anc	A	9	0
bact_pred_strep	anc	B	9	27069
bact_pred_strep	anc	C	9	392
bact_pred_strep	anc	D	9	24323
bact_pred_strep	anc	E	9	20400
bact_pred_strep	anc	F	9	0
bact_pred_strep	bact	A	9	22361
bact_pred_strep	bact	B	9	0
bact_pred_strep	bact	C	9	44722
bact_pred_strep	bact	D	9	45507
bact_pred_strep	bact	E	9	4708
bact_pred_strep	bact	F	9	17261
bact_pred_strep	bact_strep	A	9	23146
bact_pred_strep	bact_strep	B	9	42761
bact_pred_strep	bact_strep	C	9	46684
bact_pred_strep	bact_strep	D	9	18830
bact_pred_strep	bact_strep	E	9	46684
bact_pred_strep	bact_strep	F	9	32953
bact_pred_strep	bact_pred	A	9	19615
bact_pred_strep	bact_pred	B	9	22753
bact_pred_strep	bact_pred	C	9	25499
bact_pred_strep	bact_pred	D	9	29422
bact_pred_strep	bact_pred	E	9	30207
bact_pred_strep	bact_pred	F	9	12161
bact_pred_strep	bact_pred_strep	A	9	20007
bact_pred_strep	bact_pred_strep	B	9	10200
bact_pred_strep	bact_pred_strep	C	9	27853
bact_pred_strep	bact_pred_strep	D	9	20400
bact_pred_strep	bact_pred_strep	E	9	17261
bact_pred_strep	bact_pred_strep	F	9	9415
bact_pred	anc	A	10	17261
bact_pred	anc	B	10	9415
bact_pred	anc	C	10	5492
bact_pred	anc	D	10	5100
bact_pred	anc	E	10	8238
bact_pred	anc	F	10	10984
bact_pred	bact	A	10	6277
bact_pred	bact	B	10	23930
bact_pred	bact	C	10	7846
bact_pred	bact	D	10	2746
bact_pred	bact	E	10	6669
bact_pred	bact	F	10	6669
bact_pred	bact_strep	A	10	3531
bact_pred	bact_strep	B	10	3531
bact_pred	bact_strep	C	10	3138
bact_pred	bact_strep	D	10	5100
bact_pred	bact_strep	E	10	5100
bact_pred	bact_strep	F	10	3923
bact_pred	bact_pred	A	10	4708
bact_pred	bact_pred	B	10	1961
bact_pred	bact_pred	C	10	17261
bact_pred	bact_pred	D	10	1569
bact_pred	bact_pred	E	10	785
bact_pred	bact_pred	F	10	2354
bact_pred	bact_pred_strep	A	10	5492
bact_pred	bact_pred_strep	B	10	2746
bact_pred	bact_pred_strep	C	10	1961
bact_pred	bact_pred_strep	D	10	6669
bact_pred	bact_pred_strep	E	10	6277
bact_pred	bact_pred_strep	F	10	3923
bact_pred_strep	anc	A	10	0
bact_pred_strep	anc	B	10	5492
bact_pred_strep	anc	C	10	7454
bact_pred_strep	anc	D	10	10592
bact_pred_strep	anc	E	10	12554
bact_pred_strep	anc	F	10	0
bact_pred_strep	bact	A	10	8238
bact_pred_strep	bact	B	10	27461
bact_pred_strep	bact	C	10	11769
bact_pred_strep	bact	D	10	15692
bact_pred_strep	bact	E	10	27069
bact_pred_strep	bact	F	10	7846
bact_pred_strep	bact_strep	A	10	4315
bact_pred_strep	bact_strep	B	10	12554
bact_pred_strep	bact_strep	C	10	16869
bact_pred_strep	bact_strep	D	10	2746
bact_pred_strep	bact_strep	E	10	14123
bact_pred_strep	bact_strep	F	10	7061
bact_pred_strep	bact_pred	A	10	1569
bact_pred_strep	bact_pred	B	10	4708
bact_pred_strep	bact_pred	C	10	5884
bact_pred_strep	bact_pred	D	10	8631
bact_pred_strep	bact_pred	E	10	11377
bact_pred_strep	bact_pred	F	10	1569
bact_pred_strep	bact_pred_strep	A	10	7454
bact_pred_strep	bact_pred_strep	B	10	2354
bact_pred_strep	bact_pred_strep	C	10	4315
bact_pred_strep	bact_pred_strep	D	10	3531
bact_pred_strep	bact_pred_strep	E	10	5884
bact_pred_strep	bact_pred_strep	F	10	6669
bact_pred	anc	A	11	2746
bact_pred	anc	B	11	5492
bact_pred	anc	C	11	9023
bact_pred	anc	D	11	7061
bact_pred	anc	E	11	4315
bact_pred	anc	F	11	6277
bact_pred	bact	A	11	4315
bact_pred	bact	B	11	7061
bact_pred	bact	C	11	9807
bact_pred	bact	D	11	8631
bact_pred	bact	E	11	11377
bact_pred	bact	F	11	10200
bact_pred	bact_strep	A	11	5100
bact_pred	bact_strep	B	11	3138
bact_pred	bact_strep	C	11	4708
bact_pred	bact_strep	D	11	4708
bact_pred	bact_strep	E	11	7454
bact_pred	bact_strep	F	11	3531
bact_pred	bact_pred	A	11	1569
bact_pred	bact_pred	B	11	1961
bact_pred	bact_pred	C	11	392
bact_pred	bact_pred	D	11	1961
bact_pred	bact_pred	E	11	3923
bact_pred	bact_pred	F	11	1961
bact_pred	bact_pred_strep	A	11	3531
bact_pred	bact_pred_strep	B	11	3531
bact_pred	bact_pred_strep	C	11	5100
bact_pred	bact_pred_strep	D	11	9807
bact_pred	bact_pred_strep	E	11	3138
bact_pred	bact_pred_strep	F	11	10200
bact_pred_strep	anc	A	11	0
bact_pred_strep	anc	B	11	4708
bact_pred_strep	anc	C	11	7454
bact_pred_strep	anc	D	11	5100
bact_pred_strep	anc	E	11	8238
bact_pred_strep	anc	F	11	0
bact_pred_strep	bact	A	11	8238
bact_pred_strep	bact	B	11	4315
bact_pred_strep	bact	C	11	6669
bact_pred_strep	bact	D	11	14515
bact_pred_strep	bact	E	11	14515
bact_pred_strep	bact	F	11	6277
bact_pred_strep	bact_strep	A	11	6277
bact_pred_strep	bact_strep	B	11	6277
bact_pred_strep	bact_strep	C	11	10984
bact_pred_strep	bact_strep	D	11	9415
bact_pred_strep	bact_strep	E	11	9807
bact_pred_strep	bact_strep	F	11	8631
bact_pred_strep	bact_pred	A	11	2746
bact_pred_strep	bact_pred	B	11	9023
bact_pred_strep	bact_pred	C	11	4315
bact_pred_strep	bact_pred	D	11	4708
bact_pred_strep	bact_pred	E	11	6669
bact_pred_strep	bact_pred	F	11	11769
bact_pred_strep	bact_pred_strep	A	11	4708
bact_pred_strep	bact_pred_strep	B	11	1569
bact_pred_strep	bact_pred_strep	C	11	9023
bact_pred_strep	bact_pred_strep	D	11	3138
bact_pred_strep	bact_pred_strep	E	11	1569
bact_pred_strep	bact_pred_strep	F	11	3923
bact_pred	anc	A	12	7454
bact_pred	anc	B	12	7846
bact_pred	anc	C	12	7061
bact_pred	anc	D	12	5100
bact_pred	anc	E	12	7061
bact_pred	anc	F	12	4708
bact_pred	bact	A	12	785
bact_pred	bact	B	12	2746
bact_pred	bact	C	12	3923
bact_pred	bact	D	12	1961
bact_pred	bact	E	12	3138
bact_pred	bact	F	12	3531
bact_pred	bact_strep	A	12	392
bact_pred	bact_strep	B	12	1569
bact_pred	bact_strep	C	12	2746
bact_pred	bact_strep	D	12	2354
bact_pred	bact_strep	E	12	3531
bact_pred	bact_strep	F	12	1961
bact_pred	bact_pred	A	12	1961
bact_pred	bact_pred	B	12	1569
bact_pred	bact_pred	C	12	2746
bact_pred	bact_pred	D	12	1961
bact_pred	bact_pred	E	12	1177
bact_pred	bact_pred	F	12	1961
bact_pred	bact_pred_strep	A	12	3923
bact_pred	bact_pred_strep	B	12	5492
bact_pred	bact_pred_strep	C	12	10592
bact_pred	bact_pred_strep	D	12	6277
bact_pred	bact_pred_strep	E	12	12161
bact_pred	bact_pred_strep	F	12	6277
bact_pred_strep	anc	A	12	0
bact_pred_strep	anc	B	12	4708
bact_pred_strep	anc	C	12	8238
bact_pred_strep	anc	D	12	4708
bact_pred_strep	anc	E	12	9807
bact_pred_strep	anc	F	12	0
bact_pred_strep	bact	A	12	5492
bact_pred_strep	bact	B	12	22361
bact_pred_strep	bact	C	12	6277
bact_pred_strep	bact	D	12	11377
bact_pred_strep	bact	E	12	9807
bact_pred_strep	bact	F	12	9415
bact_pred_strep	bact_strep	A	12	9023
bact_pred_strep	bact_strep	B	12	9023
bact_pred_strep	bact_strep	C	12	9807
bact_pred_strep	bact_strep	D	12	6669
bact_pred_strep	bact_strep	E	12	6669
bact_pred_strep	bact_strep	F	12	10200
bact_pred_strep	bact_pred	A	12	4708
bact_pred_strep	bact_pred	B	12	7061
bact_pred_strep	bact_pred	C	12	7454
bact_pred_strep	bact_pred	D	12	9415
bact_pred_strep	bact_pred	E	12	3531
bact_pred_strep	bact_pred	F	12	7846
bact_pred_strep	bact_pred_strep	A	12	5884
bact_pred_strep	bact_pred_strep	B	12	5100
bact_pred_strep	bact_pred_strep	C	12	11377
bact_pred_strep	bact_pred_strep	D	12	4315
bact_pred_strep	bact_pred_strep	E	12	7061
bact_pred_strep	bact_pred_strep	F	12	7061